57559464.0, 391489340, 0, 600.0, 181800.0
57559462.0, 391489265, 5, 400.0, 181800.0
57559462.0, 391489264, 4, 1900.0, 181800.0
48475427.0, 229299582, 2, 100.0, 181800.0
48475427.0, 229299578, 8, 2450.0, 181800.0
48439796.0, 228897385, 5, 500.0, 181800.0
48439789.0, 228896954, 4, 100.0, 181800.0
48439789.0, 228896953, 3, 300.0, 181800.0
48439789.0, 228896951, 1, 1200.0, 181800.0
48439789.0, 228896950, 0, 500.0, 181800.0
48439789.0, 228896947, 7, 600.0, 181800.0
43160399.0, 164979041, 1, 300.0, 181800.0
43001116.0, 162717831, 1, 100.0, 181800.0
43001116.0, 162717827, 7, 200.0, 181800.0
43001116.0, 162717824, 4, 1200.0, 181800.0
42120795.0, 151507522, 2, 1500.0, 181800.0
42120795.0, 151507519, 9, 1300.0, 181800.0
42120795.0, 151507517, 7, 300.0, 181800.0
42120795.0, 151507516, 6, 700.0, 181800.0
42120795.0, 151507514, 4, 500.0, 181800.0
42120795.0, 151507512, 2, 400.0, 181800.0
42086250.0, 150944044, 4, 900.0, 181800.0
41744725.0, 146846893, 3, 100.0, 181800.0
41744725.0, 146846891, 1, 200.0, 181800.0
41744725.0, 146846863, 3, 800.0, 181800.0
41744725.0, 146846859, 9, 900.0, 181800.0
41744725.0, 146846856, 6, 800.0, 181800.0
41147499.0, 138608781, 1, 400.0, 181800.0
40837775.0, 134462023, 3, 800.0, 181800.0
40837775.0, 134462018, 8, 400.0, 181800.0
40837775.0, 134462016, 6, 300.0, 181800.0
40758334.0, 133496876, 6, 1100.0, 181800.0
39424342.0, 112840386, 6, 3900.0, 181800.0
39410765.0, 112516712, 2, 200.0, 181800.0
39241833.0, 110124977, 7, 700.0, 181800.0
39233090.0, 109897207, 7, 200.0, 181800.0
39233089.0, 109897195, 5, 500.0, 181800.0
39233089.0, 109897191, 1, 1000.0, 181800.0
39233089.0, 109897190, 0, 600.0, 181800.0
35557171.0, 40320692, 2, 500.0, 179000.0
56443819.0, 361004453, 3, 300.0, 184300.0
56443819.0, 361004448, 8, 700.0, 184300.0
56443819.0, 361004439, 9, 400.0, 184300.0
56443819.0, 361004437, 7, 100.0, 184300.0
56443819.0, 361004436, 6, 500.0, 184300.0
56369333.0, 357647108, 8, 852.0, 184300.0
56188206.0, 350980400, 0, 700.0, 184300.0
56188206.0, 350980389, 9, 300.0, 184300.0
56188205.0, 350980371, 1, 400.0, 184300.0
53411675.0, 294210097, 7, 600.0, 184300.0
53411675.0, 294210096, 6, 100.0, 184300.0
53411675.0, 294210094, 4, 200.0, 184300.0
34571812.0, 15625406, 6, 200.0, 184300.0
34256526.0, 7959434, 4, 579.0, 184300.0
34253497.0, 7886883, 3, 400.0, 184300.0
57163696.0, 381900330, 0, 15.0, 182600.0
57097570.0, 380447602, 2, 200.0, 182600.0
57097565.0, 380447145, 5, 500.0, 182600.0
57097565.0, 380447129, 9, 200.0, 182600.0
57074989.0, 380047202, 2, 400.0, 182600.0
57074988.0, 380047170, 0, 700.0, 182600.0
57074988.0, 380047161, 1, 300.0, 182600.0
57074988.0, 380047113, 3, 1850.0, 182600.0
55635018.0, 332808870, 0, 100.0, 182600.0
50744846.0, 258264855, 5, 700.0, 182600.0
50238019.0, 253068308, 8, 900.0, 182600.0
50238017.0, 253068227, 7, 2600.0, 182600.0
50213531.0, 252836253, 3, 2400.0, 182600.0
50098743.0, 251545135, 5, 100.0, 182600.0
50098743.0, 251545133, 3, 1900.0, 182600.0
50098743.0, 251545132, 2, 200.0, 182600.0
49327976.0, 240190030, 0, 300.0, 182600.0
49112786.0, 237040257, 7, 1202.0, 182600.0
48899410.0, 234391818, 8, 600.0, 182600.0
48899410.0, 234391811, 1, 1300.0, 182600.0
48899410.0, 234391807, 7, 500.0, 182600.0
48899410.0, 234391806, 6, 400.0, 182600.0
40072126.0, 124440591, 1, 500.0, 180900.0
40072126.0, 124440589, 9, 1100.0, 180900.0
40072126.0, 124440580, 0, 900.0, 180900.0
40072126.0, 124440575, 5, 300.0, 180900.0
40072126.0, 124440572, 2, 400.0, 180900.0
38576544.0, 97377478, 8, 1850.0, 180900.0
38235257.0, 90844446, 6, 204.0, 180900.0
37829631.0, 83448056, 6, 200.0, 180900.0
37829631.0, 83448053, 3, 300.0, 180900.0
37829631.0, 83448046, 6, 700.0, 180900.0
35382527.0, 34789595, 5, 2100.0, 180900.0
37544567.0, 78199882, 2, 1300.0, 179800.0
37060076.0, 70220452, 2, 100.0, 179800.0
37060076.0, 70220448, 8, 100.0, 179800.0
37060076.0, 70220433, 3, 300.0, 179800.0
36116833.0, 52408232, 2, 100.0, 179800.0
36113604.0, 52358420, 0, 900.0, 179800.0
36043430.0, 51002995, 5, 50.0, 179800.0
35858189.0, 46930360, 0, 200.0, 179800.0
56853922.0, 373602191, 1, 200.0, 183400.0
56853921.0, 373602189, 9, 500.0, 183400.0
56853921.0, 373602181, 1, 100.0, 183400.0
56853921.0, 373602177, 7, 400.0, 183400.0
56853921.0, 373602176, 6, 200.0, 183400.0
56853921.0, 373602175, 5, 200.0, 183400.0
56853921.0, 373602174, 4, 300.0, 183400.0
56829121.0, 373011591, 1, 500.0, 183400.0
56829121.0, 373011589, 9, 100.0, 183400.0
56829120.0, 373011584, 4, 100.0, 183400.0
56643789.0, 367507490, 0, 2050.0, 183400.0
51012579.0, 262150651, 1, 1050.0, 183400.0
34819048.0, 21511188, 8, 1326.0, 183400.0
34763474.0, 20164872, 2, 200.0, 183400.0
34466114.0, 12982330, 0, 100.0, 183400.0
34230966.0, 7157226, 6, 599.0, 183400.0
57587318.0, 392236576, 6, 652.0, 181700.0
57586161.0, 392211703, 3, 548.0, 181700.0
57586150.0, 392211352, 2, 1100.0, 181700.0
57586149.0, 392211328, 8, 700.0, 181700.0
57586149.0, 392211319, 9, 5797.0, 181700.0
48423548.0, 228764795, 5, 500.0, 181700.0
48423548.0, 228764794, 4, 600.0, 181700.0
48423548.0, 228764793, 3, 300.0, 181700.0
48423548.0, 228764791, 1, 100.0, 181700.0
48423548.0, 228764790, 0, 500.0, 181700.0
48423548.0, 228764789, 9, 1400.0, 181700.0
47811044.0, 220210657, 7, 100.0, 181700.0
44652487.0, 185417327, 7, 200.0, 181700.0
44652486.0, 185417317, 7, 136.0, 181700.0
44652486.0, 185417308, 8, 1900.0, 181700.0
44610707.0, 184839422, 2, 100.0, 181700.0
42811629.0, 159895877, 7, 300.0, 181700.0
42811629.0, 159895871, 1, 170.0, 181700.0
42645813.0, 157286292, 2, 1100.0, 181700.0
42511055.0, 155759669, 9, 210.0, 181700.0
42077005.0, 150821952, 2, 1600.0, 181700.0
42008425.0, 149947246, 6, 100.0, 181700.0
41720667.0, 146507962, 2, 500.0, 181700.0
41720667.0, 146507961, 1, 1100.0, 181700.0
41720666.0, 146507959, 9, 700.0, 181700.0
41720666.0, 146507958, 8, 200.0, 181700.0
41720666.0, 146507957, 7, 100.0, 181700.0
41720666.0, 146507955, 5, 700.0, 181700.0
41204527.0, 139197570, 0, 400.0, 181700.0
41174156.0, 138901326, 6, 848.0, 181700.0
41068989.0, 137684745, 5, 1350.0, 181700.0
40826615.0, 134324562, 2, 2850.0, 181700.0
40800493.0, 134041027, 7, 500.0, 181700.0
40752989.0, 133396158, 8, 2050.0, 181700.0
40655748.0, 132252976, 6, 1300.0, 181700.0
40655748.0, 132252972, 2, 500.0, 181700.0
39238141.0, 110035180, 0, 2250.0, 181700.0
39238141.0, 110035177, 7, 2250.0, 181700.0
39204472.0, 109371168, 8, 936.0, 181700.0
39204471.0, 109371148, 8, 300.0, 181700.0
39204471.0, 109371144, 4, 400.0, 181700.0
39204471.0, 109371139, 9, 200.0, 181700.0
39204471.0, 109371137, 7, 500.0, 181700.0
39143581.0, 108002672, 2, 312.0, 181700.0
39143004.0, 107950421, 1, 400.0, 181700.0
39143004.0, 107950405, 5, 1100.0, 181700.0
39143004.0, 107950394, 4, 500.0, 181700.0
35363582.0, 34188306, 6, 100.0, 181700.0
56482829.0, 362455339, 9, 800.0, 184200.0
56467749.0, 361980004, 4, 800.0, 184200.0
56467749.0, 361979998, 8, 400.0, 184200.0
56456964.0, 361567690, 0, 100.0, 184200.0
56383717.0, 358352475, 5, 300.0, 184200.0
56064857.0, 346410062, 2, 700.0, 184200.0
56064857.0, 346410056, 6, 500.0, 184200.0
56064857.0, 346410055, 5, 400.0, 184200.0
56064857.0, 346410045, 5, 300.0, 184200.0
56064857.0, 346410040, 0, 400.0, 184200.0
56064856.0, 346410036, 6, 226.0, 184200.0
56064856.0, 346410027, 7, 300.0, 184200.0
56064856.0, 346410022, 2, 400.0, 184200.0
56064856.0, 346410018, 8, 300.0, 184200.0
54692787.0, 313777932, 2, 300.0, 184200.0
54692787.0, 313777923, 3, 200.0, 184200.0
54692787.0, 313777922, 2, 100.0, 184200.0
54692787.0, 313777920, 0, 400.0, 184200.0
52576182.0, 282107966, 6, 200.0, 184200.0
52576182.0, 282107964, 4, 200.0, 184200.0
52379010.0, 279274439, 9, 200.0, 184200.0
52379009.0, 279274436, 6, 150.0, 184200.0
35134965.0, 28587442, 2, 135.0, 184200.0
35134965.0, 28587431, 1, 400.0, 184200.0
35130647.0, 28496023, 3, 400.0, 184200.0
34353454.0, 10279482, 2, 400.0, 184200.0
34259660.0, 8037102, 2, 662.0, 184200.0
34254446.0, 7915065, 5, 100.0, 184200.0
57118814.0, 380926861, 1, 1750.0, 182500.0
57052900.0, 379492978, 8, 900.0, 182500.0
57052389.0, 379466112, 2, 500.0, 182500.0
57052389.0, 379466104, 4, 200.0, 182500.0
57052389.0, 379466102, 2, 200.0, 182500.0
57052389.0, 379466095, 5, 200.0, 182500.0
57052389.0, 379466093, 3, 500.0, 182500.0
57052389.0, 379466085, 5, 300.0, 182500.0
57052389.0, 379466082, 2, 300.0, 182500.0
57052389.0, 379466078, 8, 400.0, 182500.0
55661231.0, 333485375, 5, 100.0, 182500.0
55661231.0, 333485371, 1, 100.0, 182500.0
55661231.0, 333485369, 9, 200.0, 182500.0
55629370.0, 332696766, 6, 100.0, 182500.0
55629370.0, 332696761, 1, 100.0, 182500.0
55432154.0, 328416191, 1, 100.0, 182500.0
55169121.0, 323639004, 4, 100.0, 182500.0
50673049.0, 257475001, 1, 900.0, 182500.0
50673048.0, 257474932, 2, 2300.0, 182500.0
50451385.0, 255195200, 0, 300.0, 182500.0
50451385.0, 255195199, 9, 779.0, 182500.0
50451385.0, 255195197, 7, 200.0, 182500.0
50451385.0, 255195195, 5, 900.0, 182500.0
50211868.0, 252803637, 7, 200.0, 182500.0
50153454.0, 252406121, 1, 1000.0, 182500.0
50153454.0, 252406119, 9, 900.0, 182500.0
50153454.0, 252406112, 2, 1300.0, 182500.0
50153453.0, 252406110, 0, 2600.0, 182500.0
49234346.0, 238956391, 1, 500.0, 182500.0
49232815.0, 238905646, 6, 2635.0, 182500.0
49232812.0, 238905343, 3, 1100.0, 182500.0
48894319.0, 234334746, 6, 1145.0, 182500.0
46865275.0, 209355356, 6, 73.0, 182500.0
46860530.0, 209171842, 2, 500.0, 182500.0
46860530.0, 209171839, 9, 300.0, 182500.0
46748673.0, 207883966, 6, 300.0, 182500.0
46086547.0, 201385430, 0, 200.0, 182500.0
46086547.0, 201385427, 7, 400.0, 182500.0
46086547.0, 201385426, 6, 400.0, 182500.0
46086547.0, 201385424, 4, 500.0, 182500.0
45902500.0, 198986497, 7, 400.0, 182500.0
44277630.0, 180305299, 9, 100.0, 182500.0
43271595.0, 166936079, 9, 300.0, 182500.0
43271594.0, 166935974, 4, 100.0, 182500.0
40072013.0, 124437734, 4, 2250.0, 180800.0
38887381.0, 103148453, 3, 100.0, 180800.0
38863617.0, 102746350, 0, 300.0, 180800.0
38863617.0, 102746344, 4, 100.0, 180800.0
38863617.0, 102746332, 2, 500.0, 180800.0
38621864.0, 98411320, 0, 40.0, 180800.0
38415683.0, 94042748, 8, 1000.0, 180800.0
37829267.0, 83427027, 7, 1450.0, 180800.0
37451041.0, 76222886, 6, 400.0, 179700.0
37213889.0, 72708059, 9, 400.0, 179700.0
37213889.0, 72708058, 8, 100.0, 179700.0
37213889.0, 72708057, 7, 100.0, 179700.0
37213889.0, 72708055, 5, 300.0, 179700.0
37213889.0, 72708054, 4, 100.0, 179700.0
37018050.0, 69536873, 3, 1350.0, 179700.0
36995473.0, 69271036, 6, 200.0, 179700.0
36995292.0, 69269297, 7, 800.0, 179700.0
36995292.0, 69269292, 2, 100.0, 179700.0
36995292.0, 69269287, 7, 100.0, 179700.0
36935602.0, 68325487, 7, 367.0, 179700.0
36322520.0, 56355845, 5, 1150.0, 179700.0
36314164.0, 56047361, 1, 1700.0, 179700.0
36177841.0, 53333244, 4, 200.0, 179700.0
36027244.0, 50691799, 9, 1050.0, 179700.0
36000754.0, 50057698, 8, 600.0, 179700.0
36000715.0, 50056462, 2, 400.0, 179700.0
35442828.0, 36822732, 2, 1600.0, 179700.0
35442782.0, 36821410, 0, 400.0, 179700.0
55520946.0, 330503377, 7, 800.0, 183300.0
55299336.0, 325989204, 4, 300.0, 183300.0
55299336.0, 325989201, 1, 200.0, 183300.0
55299335.0, 325989142, 2, 100.0, 183300.0
55299335.0, 325989137, 7, 200.0, 183300.0
55299335.0, 325989134, 4, 100.0, 183300.0
54293006.0, 307178963, 3, 2574.0, 183300.0
50856851.0, 260257342, 2, 2500.0, 183300.0
49799037.0, 247962098, 8, 3573.0, 183300.0
49799014.0, 247961801, 1, 300.0, 183300.0
49799014.0, 247961800, 0, 2100.0, 183300.0
49799014.0, 247961797, 7, 100.0, 183300.0
34492501.0, 13601067, 7, 496.0, 183300.0
34492500.0, 13601045, 5, 400.0, 183300.0
34492500.0, 13601044, 4, 100.0, 183300.0
34474102.0, 13197622, 2, 572.0, 183300.0
57584549.0, 392177266, 6, 100.0, 181600.0
57584490.0, 392175866, 6, 900.0, 181600.0
57584490.0, 392175859, 9, 500.0, 181600.0
57584490.0, 392175855, 5, 700.0, 181600.0
57584490.0, 392175849, 9, 500.0, 181600.0
57568852.0, 391775760, 0, 466.0, 181600.0
48313779.0, 227174335, 5, 700.0, 181600.0
48313779.0, 227174330, 0, 1700.0, 181600.0
48153253.0, 224624743, 3, 100.0, 181600.0
48153253.0, 224624742, 2, 500.0, 181600.0
48153253.0, 224624738, 8, 300.0, 181600.0
48153253.0, 224624737, 7, 500.0, 181600.0
48153253.0, 224624734, 4, 500.0, 181600.0
47800806.0, 220091689, 9, 2382.0, 181600.0
42027487.0, 150155223, 3, 800.0, 181600.0
42026888.0, 150149578, 8, 1000.0, 181600.0
41794632.0, 147470380, 0, 92.0, 181600.0
41712280.0, 146385576, 6, 2400.0, 181600.0
41600584.0, 144880990, 0, 284.0, 181600.0
41342879.0, 140801138, 8, 100.0, 181600.0
41342879.0, 140801134, 4, 500.0, 181600.0
41342878.0, 140801129, 9, 800.0, 181600.0
41342878.0, 140801126, 6, 499.0, 181600.0
56028753.0, 345062502, 2, 3392.0, 184100.0
56028615.0, 345055798, 8, 400.0, 184100.0
56028615.0, 345055793, 3, 500.0, 184100.0
56028615.0, 345055791, 1, 600.0, 184100.0
56028615.0, 345055789, 9, 300.0, 184100.0
56028615.0, 345055787, 7, 500.0, 184100.0
56028615.0, 345055781, 1, 200.0, 184100.0
55891580.0, 339983692, 2, 3600.0, 184100.0
53752145.0, 298793497, 7, 500.0, 184100.0
53733814.0, 298596936, 6, 100.0, 184100.0
52350464.0, 278630730, 0, 312.0, 184100.0
52350355.0, 278620991, 1, 1722.0, 184100.0
52350354.0, 278620957, 7, 100.0, 184100.0
51707294.0, 270217806, 6, 103.0, 184100.0
35138566.0, 28675698, 8, 300.0, 184100.0
35106982.0, 27950488, 8, 100.0, 184100.0
35103822.0, 27838291, 1, 400.0, 184100.0
34389679.0, 11131734, 4, 100.0, 184100.0
34383841.0, 10987549, 9, 100.0, 184100.0
34258757.0, 8010538, 8, 362.0, 184100.0
57224921.0, 383068941, 1, 1000.0, 182400.0
57224921.0, 383068940, 0, 500.0, 182400.0
57224921.0, 383068924, 4, 1969.0, 182400.0
57050920.0, 379367070, 0, 1255.0, 182400.0
50331878.0, 254064060, 0, 1900.0, 182400.0
50013358.0, 250471907, 7, 800.0, 182400.0
48877304.0, 234154483, 3, 1145.0, 182400.0
46601647.0, 206297520, 0, 2541.0, 182400.0
46601646.0, 206297482, 2, 159.0, 182400.0
46601645.0, 206297481, 1, 200.0, 182400.0
46143642.0, 202091790, 0, 400.0, 182400.0
46143642.0, 202091786, 6, 400.0, 182400.0
46143642.0, 202091785, 5, 200.0, 182400.0
46143642.0, 202091781, 1, 400.0, 182400.0
46143642.0, 202091775, 5, 1550.0, 182400.0
46069982.0, 201191059, 9, 100.0, 182400.0
46069982.0, 201191037, 7, 900.0, 182400.0
46069981.0, 201191016, 6, 300.0, 182400.0
45613476.0, 196029129, 9, 300.0, 182400.0
45613476.0, 196029124, 4, 300.0, 182400.0
45613476.0, 196029120, 0, 1700.0, 182400.0
45613476.0, 196029119, 9, 1400.0, 182400.0
45613476.0, 196029115, 5, 400.0, 182400.0
45613476.0, 196029113, 3, 400.0, 182400.0
45606491.0, 195916451, 1, 2000.0, 182400.0
45606388.0, 195914855, 5, 400.0, 182400.0
44427907.0, 182219010, 0, 100.0, 182400.0
44427906.0, 182219009, 9, 100.0, 182400.0
44427906.0, 182219008, 8, 100.0, 182400.0
44427906.0, 182219007, 7, 100.0, 182400.0
44427906.0, 182219006, 6, 1200.0, 182400.0
44427906.0, 182219005, 5, 200.0, 182400.0
43309500.0, 167652079, 9, 300.0, 182400.0
43307244.0, 167625193, 3, 91.0, 182400.0
43307244.0, 167625192, 2, 300.0, 182400.0
35315777.0, 33032952, 2, 50.0, 182400.0
37389444.0, 75302817, 7, 100.0, 179600.0
37389444.0, 75302816, 6, 100.0, 179600.0
37389444.0, 75302805, 5, 400.0, 179600.0
37389443.0, 75302796, 6, 100.0, 179600.0
37149650.0, 71779761, 1, 200.0, 179600.0
37149650.0, 71779759, 9, 600.0, 179600.0
37149650.0, 71779757, 7, 200.0, 179600.0
37149650.0, 71779755, 5, 100.0, 179600.0
37108477.0, 71081166, 6, 300.0, 179600.0
37108476.0, 71081163, 3, 100.0, 179600.0
37079176.0, 70497615, 5, 300.0, 179600.0
37079176.0, 70497606, 6, 100.0, 179600.0
37079176.0, 70497603, 3, 700.0, 179600.0
37079176.0, 70497599, 9, 100.0, 179600.0
36295583.0, 55726997, 7, 200.0, 179600.0
36233789.0, 54513439, 9, 350.0, 179600.0
36221601.0, 54312246, 6, 400.0, 179600.0
36003948.0, 50159961, 1, 950.0, 179600.0
35810397.0, 45972786, 6, 800.0, 179600.0
35604392.0, 41427557, 7, 1250.0, 179600.0
53605497.0, 296347637, 7, 400.0, 184900.0
53605494.0, 296347571, 1, 100.0, 184900.0
53045498.0, 289395105, 5, 400.0, 184900.0
53045498.0, 289395102, 2, 200.0, 184900.0
56632465.0, 367151807, 7, 100.0, 183200.0
56632465.0, 367151802, 2, 200.0, 183200.0
56632465.0, 367151795, 5, 400.0, 183200.0
56632465.0, 367151793, 3, 100.0, 183200.0
56632465.0, 367151792, 2, 100.0, 183200.0
56632465.0, 367151790, 0, 300.0, 183200.0
56463031.0, 361757167, 7, 200.0, 183200.0
55276093.0, 325631058, 8, 200.0, 183200.0
55276093.0, 325631051, 1, 400.0, 183200.0
55276093.0, 325631046, 6, 300.0, 183200.0
55276093.0, 325631045, 5, 500.0, 183200.0
55276093.0, 325631042, 2, 100.0, 183200.0
55276093.0, 325631038, 8, 200.0, 183200.0
55276093.0, 325631037, 7, 200.0, 183200.0
55276093.0, 325631031, 1, 100.0, 183200.0
55247856.0, 325034845, 5, 265.0, 183200.0
55247250.0, 325007987, 7, 200.0, 183200.0
55247249.0, 325007922, 2, 100.0, 183200.0
55247249.0, 325007908, 8, 400.0, 183200.0
55247249.0, 325007902, 2, 400.0, 183200.0
55117333.0, 322405921, 1, 4426.0, 183200.0
54216018.0, 305675415, 5, 200.0, 183200.0
50928963.0, 261219859, 9, 300.0, 183200.0
50928962.0, 261219852, 2, 100.0, 183200.0
50928962.0, 261219849, 9, 800.0, 183200.0
34788860.0, 20759651, 1, 200.0, 183200.0
34771849.0, 20377441, 1, 200.0, 183200.0
56545855.0, 364188771, 1, 400.0, 184000.0
56418708.0, 359965941, 1, 300.0, 184000.0
56418708.0, 359965927, 7, 100.0, 184000.0
55946424.0, 341524954, 4, 3550.0, 184000.0
54960920.0, 319140506, 6, 4000.0, 184000.0
54670788.0, 313254260, 0, 3750.0, 184000.0
51979661.0, 273755273, 3, 1200.0, 184000.0
51979661.0, 273755260, 0, 500.0, 184000.0
51979661.0, 273755255, 5, 300.0, 184000.0
51979661.0, 273755254, 4, 100.0, 184000.0
51979661.0, 273755253, 3, 100.0, 184000.0
51635789.0, 269705895, 5, 103.0, 184000.0
51635789.0, 269705881, 1, 1600.0, 184000.0
51418783.0, 267033742, 2, 2650.0, 184000.0
51418782.0, 267033741, 1, 2250.0, 184000.0
35149461.0, 28917955, 5, 400.0, 184000.0
34714757.0, 18831025, 5, 200.0, 184000.0
34398288.0, 11392831, 1, 100.0, 184000.0
34251494.0, 7830731, 1, 600.0, 184000.0
37274821.0, 73721582, 2, 100.0, 179500.0
36279709.0, 55376942, 2, 200.0, 179500.0
35788931.0, 45500716, 6, 800.0, 179500.0
35620587.0, 41788902, 2, 850.0, 179500.0
35599167.0, 41261995, 5, 200.0, 179500.0
35448049.0, 37032593, 3, 1100.0, 179500.0
35445275.0, 36887238, 8, 210.0, 179500.0
56111777.0, 348370582, 2, 400.0, 184800.0
56105212.0, 348064118, 8, 700.0, 184800.0
56105211.0, 348064053, 3, 400.0, 184800.0
56105211.0, 348064037, 7, 300.0, 184800.0
56105211.0, 348064035, 5, 400.0, 184800.0
53564241.0, 295903911, 1, 500.0, 184800.0
53132021.0, 290615631, 1, 300.0, 184800.0
53045458.0, 289394887, 7, 200.0, 184800.0
52708051.0, 285081999, 9, 2900.0, 184800.0
35736288.0, 44293926, 6, 800.0, 179400.0
35568131.0, 40522570, 0, 750.0, 179400.0
35460033.0, 37511632, 2, 600.0, 179400.0
37755592.0, 82054243, 3, 100.0, 180200.0
36912201.0, 67758287, 7, 200.0, 180200.0
36696251.0, 63502979, 9, 100.0, 180200.0
36696251.0, 63502973, 3, 700.0, 180200.0
36696251.0, 63502969, 9, 100.0, 180200.0
36604825.0, 61770683, 3, 600.0, 180200.0
36604544.0, 61766943, 3, 700.0, 180200.0
36604544.0, 61766938, 8, 300.0, 180200.0
36565224.0, 61099847, 7, 100.0, 180200.0
36565224.0, 61099842, 2, 1150.0, 180200.0
36565224.0, 61099839, 9, 1500.0, 180200.0
36445319.0, 58841772, 2, 3.0, 180200.0
36445319.0, 58841770, 0, 300.0, 180200.0
36819383.0, 65731632, 2, 32.0, 180700.0
36819380.0, 65731514, 4, 168.0, 180700.0
36811748.0, 65529255, 5, 100.0, 180700.0
36811748.0, 65529253, 3, 1300.0, 180700.0
36811748.0, 65529250, 0, 100.0, 180700.0
36811748.0, 65529247, 7, 100.0, 180700.0
36811748.0, 65529246, 6, 700.0, 180700.0
35406993.0, 35644168, 8, 100.0, 180700.0
57592588.0, 392379952, 2, 1000.0, 181500.0
57592582.0, 392379824, 4, 1200.0, 181500.0
57592582.0, 392379821, 1, 1600.0, 181500.0
57583360.0, 392154159, 9, 2700.0, 181500.0
57583360.0, 392154156, 6, 900.0, 181500.0
57556918.0, 391414153, 3, 3150.0, 181500.0
42767385.0, 159299407, 7, 102.0, 181500.0
41685430.0, 146070314, 4, 1300.0, 181500.0
41600284.0, 144878320, 0, 1986.0, 181500.0
41443446.0, 142560989, 9, 100.0, 181500.0
41443446.0, 142560965, 5, 900.0, 181500.0
41335277.0, 140679605, 5, 100.0, 181500.0
40633611.0, 131928223, 3, 2600.0, 181500.0
40628082.0, 131832313, 3, 703.0, 181500.0
40628082.0, 131832310, 0, 1406.0, 181500.0
40628082.0, 131832307, 7, 1600.0, 181500.0
40628081.0, 131832303, 3, 1100.0, 181500.0
40609914.0, 131515232, 2, 1200.0, 181500.0
40609914.0, 131515231, 1, 900.0, 181500.0
40609914.0, 131515230, 0, 500.0, 181500.0
40609914.0, 131515229, 9, 200.0, 181500.0
40609914.0, 131515226, 6, 700.0, 181500.0
40609914.0, 131515225, 5, 800.0, 181500.0
40609913.0, 131515213, 3, 1350.0, 181500.0
39628158.0, 116959389, 9, 5000.0, 181500.0
39628153.0, 116959268, 8, 700.0, 181500.0
39628153.0, 116959259, 9, 400.0, 181500.0
39628152.0, 116959254, 4, 600.0, 181500.0
39628152.0, 116959253, 3, 200.0, 181500.0
39628152.0, 116959251, 1, 300.0, 181500.0
35729138.0, 44142934, 4, 800.0, 179300.0
35729138.0, 44142924, 4, 270.0, 179300.0
35672050.0, 42863611, 1, 300.0, 179300.0
57337752.0, 386241285, 5, 400.0, 182300.0
57337752.0, 386241280, 0, 100.0, 182300.0
57337752.0, 386241278, 8, 300.0, 182300.0
57337752.0, 386241276, 6, 400.0, 182300.0
57337752.0, 386241273, 3, 1100.0, 182300.0
57337752.0, 386241261, 1, 804.0, 182300.0
50620502.0, 256580137, 7, 200.0, 182300.0
50619761.0, 256534204, 4, 18.0, 182300.0
47216911.0, 213278261, 1, 1950.0, 182300.0
46568435.0, 206030972, 2, 200.0, 182300.0
46164822.0, 202248573, 3, 500.0, 182300.0
46042890.0, 200866285, 5, 1158.0, 182300.0
46042889.0, 200866231, 1, 400.0, 182300.0
46042889.0, 200866228, 8, 500.0, 182300.0
46042889.0, 200866227, 7, 1400.0, 182300.0
44412378.0, 182049480, 0, 1650.0, 182300.0
43559984.0, 171238238, 8, 3916.0, 182300.0
43559984.0, 171238224, 4, 300.0, 182300.0
43461164.0, 169852962, 2, 700.0, 182300.0
43461164.0, 169852950, 0, 200.0, 182300.0
43461164.0, 169852944, 4, 300.0, 182300.0
43447827.0, 169597430, 0, 200.0, 182300.0
43447827.0, 169597425, 5, 300.0, 182300.0
43447827.0, 169597420, 0, 426.0, 182300.0
43447826.0, 169597413, 3, 200.0, 182300.0
43444985.0, 169534630, 0, 200.0, 182300.0
40983222.0, 136654704, 4, 15.0, 182300.0
40943974.0, 136014207, 7, 700.0, 182300.0
40943974.0, 136014204, 4, 500.0, 182300.0
40943974.0, 136014184, 4, 15.0, 182300.0
35323964.0, 33236739, 9, 400.0, 182300.0
35323964.0, 33236737, 7, 400.0, 182300.0
37745062.0, 81839061, 1, 200.0, 180100.0
37745062.0, 81839051, 1, 100.0, 180100.0
37745062.0, 81839043, 3, 300.0, 180100.0
37745062.0, 81839042, 2, 700.0, 180100.0
37745062.0, 81839041, 1, 400.0, 180100.0
36620515.0, 62025626, 6, 750.0, 180100.0
36554231.0, 60936962, 2, 1500.0, 180100.0
36554231.0, 60936954, 4, 400.0, 180100.0
36412592.0, 58249125, 5, 400.0, 180100.0
38400058.0, 93752823, 3, 300.0, 180600.0
36482739.0, 59762161, 1, 600.0, 180600.0
36462004.0, 59269323, 3, 300.0, 180600.0
56934208.0, 375984110, 0, 200.0, 183100.0
56682102.0, 368725616, 6, 100.0, 183100.0
55499821.0, 329989497, 7, 1782.0, 183100.0
55472697.0, 329397815, 5, 300.0, 183100.0
55472697.0, 329397810, 0, 400.0, 183100.0
55330158.0, 326646203, 3, 200.0, 183100.0
55166959.0, 323562876, 6, 200.0, 183100.0
55166958.0, 323562875, 5, 100.0, 183100.0
55166958.0, 323562874, 4, 200.0, 183100.0
55166958.0, 323562871, 1, 200.0, 183100.0
54263208.0, 306657910, 0, 200.0, 183100.0
54263208.0, 306657907, 7, 200.0, 183100.0
54263208.0, 306657904, 4, 300.0, 183100.0
54250677.0, 306472561, 1, 200.0, 183100.0
53963710.0, 302307323, 3, 300.0, 183100.0
50851920.0, 260127899, 9, 850.0, 183100.0
50851919.0, 260127897, 7, 2500.0, 183100.0
50851919.0, 260127888, 8, 3400.0, 183100.0
49685594.0, 245446080, 0, 2350.0, 183100.0
49491765.0, 242812425, 5, 2350.0, 183100.0
49402176.0, 241424818, 8, 300.0, 183100.0
35267409.0, 31846997, 7, 400.0, 183100.0
35235744.0, 30978235, 5, 200.0, 183100.0
48177710.0, 225012787, 7, 100.0, 181400.0
48166999.0, 224841398, 8, 96.0, 181400.0
42765636.0, 159276301, 1, 500.0, 181400.0
42765636.0, 159276297, 7, 900.0, 181400.0
42765636.0, 159276293, 3, 100.0, 181400.0
40595491.0, 131380597, 7, 1350.0, 181400.0
39431973.0, 113031409, 9, 100.0, 181400.0
39081730.0, 106919880, 0, 300.0, 181400.0
38078418.0, 88088374, 4, 194.0, 181400.0
35671547.0, 42846092, 2, 900.0, 179200.0
35671547.0, 42846087, 7, 750.0, 179200.0
35562348.0, 40419553, 3, 950.0, 179200.0
56872354.0, 374327818, 8, 200.0, 183900.0
56717610.0, 369963498, 8, 300.0, 183900.0
56533511.0, 363799239, 9, 100.0, 183900.0
54562793.0, 311830871, 1, 300.0, 183900.0
53766715.0, 298981091, 1, 200.0, 183900.0
51969564.0, 273562920, 0, 100.0, 183900.0
51969503.0, 273561063, 3, 100.0, 183900.0
51969503.0, 273561057, 7, 600.0, 183900.0
51873020.0, 272584652, 2, 2450.0, 183900.0
51306075.0, 266097479, 9, 2400.0, 183900.0
51156935.0, 263813569, 9, 1050.0, 183900.0
35078722.0, 27188708, 8, 400.0, 183900.0
35036542.0, 26162124, 4, 400.0, 183900.0
34713667.0, 18810344, 4, 677.0, 183900.0
34713667.0, 18810338, 8, 300.0, 183900.0
34660178.0, 17566718, 8, 200.0, 183900.0
34558530.0, 15193754, 4, 200.0, 183900.0
34546927.0, 14918272, 2, 200.0, 183900.0
34519216.0, 14232538, 8, 650.0, 183900.0
34383451.0, 10976256, 6, 483.0, 183900.0
34259716.0, 8038887, 7, 38.0, 183900.0
34215445.0, 6632594, 4, 270.0, 183900.0
57379670.0, 387190327, 7, 200.0, 182200.0
57379670.0, 387190326, 6, 400.0, 182200.0
57379670.0, 387190322, 2, 500.0, 182200.0
57379670.0, 387190319, 9, 400.0, 182200.0
57379670.0, 387190318, 8, 400.0, 182200.0
57379670.0, 387190309, 9, 2640.0, 182200.0
57313831.0, 385627943, 3, 400.0, 182200.0
57313831.0, 385627940, 0, 300.0, 182200.0
57313830.0, 385627895, 5, 700.0, 182200.0
57313830.0, 385627892, 2, 400.0, 182200.0
57313830.0, 385627883, 3, 100.0, 182200.0
57313830.0, 385627878, 8, 100.0, 182200.0
47280183.0, 213873022, 2, 600.0, 182200.0
47280168.0, 213872842, 2, 800.0, 182200.0
47280168.0, 213872829, 9, 1298.0, 182200.0
47158485.0, 212833727, 7, 2550.0, 182200.0
45588728.0, 195540559, 9, 1650.0, 182200.0
45520211.0, 194873450, 0, 1100.0, 182200.0
45520211.0, 194873443, 3, 200.0, 182200.0
45520210.0, 194873437, 7, 100.0, 182200.0
45223755.0, 192258661, 1, 500.0, 182200.0
45223755.0, 192258657, 7, 300.0, 182200.0
45068939.0, 190497127, 7, 900.0, 182200.0
45061741.0, 190372757, 7, 1100.0, 182200.0
45061741.0, 190372751, 1, 300.0, 182200.0
44984606.0, 189319311, 1, 300.0, 182200.0
44984606.0, 189319269, 9, 100.0, 182200.0
44156918.0, 178751485, 5, 1049.0, 182200.0
42236442.0, 152662751, 1, 250.0, 182200.0
35435651.0, 36566365, 5, 200.0, 180000.0
36774018.0, 65011165, 5, 15.0, 180500.0
56122714.0, 348691547, 7, 217.0, 184700.0
52996874.0, 288917937, 7, 60.0, 184700.0
52975625.0, 288563442, 2, 200.0, 184700.0
52975625.0, 288563433, 3, 400.0, 184700.0
34273063.0, 8401205, 5, 600.0, 184700.0
55114444.0, 322275736, 6, 300.0, 183000.0
49483005.0, 242531606, 6, 2200.0, 183000.0
35266464.0, 31811782, 2, 600.0, 183000.0
34240728.0, 7488351, 1, 400.0, 183000.0
41540987.0, 143950234, 4, 800.0, 181300.0
41533089.0, 143800114, 4, 100.0, 181300.0
41533089.0, 143800113, 3, 100.0, 181300.0
41533089.0, 143800112, 2, 300.0, 181300.0
41533089.0, 143800111, 1, 800.0, 181300.0
40587474.0, 131291013, 3, 320.0, 181300.0
40537791.0, 130743662, 2, 900.0, 181300.0
40537791.0, 130743655, 5, 1100.0, 181300.0
40463912.0, 129624710, 0, 400.0, 181300.0
40463912.0, 129624709, 9, 900.0, 181300.0
40463912.0, 129624707, 7, 900.0, 181300.0
40463912.0, 129624706, 6, 800.0, 181300.0
40463912.0, 129624705, 5, 200.0, 181300.0
40265165.0, 126952652, 2, 700.0, 181300.0
40265165.0, 126952650, 0, 200.0, 181300.0
40196346.0, 126222406, 6, 900.0, 181300.0
40196346.0, 126222398, 8, 700.0, 181300.0
40196346.0, 126222397, 7, 800.0, 181300.0
40196346.0, 126222395, 5, 200.0, 181300.0
40196346.0, 126222393, 3, 900.0, 181300.0
39936721.0, 122044771, 1, 200.0, 181300.0
39936721.0, 122044767, 7, 600.0, 181300.0
39688210.0, 118306140, 0, 1200.0, 181300.0
39668272.0, 117829206, 6, 300.0, 181300.0
39668272.0, 117829205, 5, 500.0, 181300.0
39668271.0, 117829196, 6, 200.0, 181300.0
39570481.0, 115671275, 5, 300.0, 181300.0
54958622.0, 319089438, 8, 4150.0, 183800.0
53988230.0, 302674561, 1, 3150.0, 183800.0
53988230.0, 302674550, 0, 500.0, 183800.0
53988230.0, 302674544, 4, 200.0, 183800.0
53988230.0, 302674541, 1, 300.0, 183800.0
53988230.0, 302674534, 4, 400.0, 183800.0
51531166.0, 268595219, 9, 300.0, 183800.0
51246188.0, 265201720, 0, 2400.0, 183800.0
51246181.0, 265201603, 3, 100.0, 183800.0
51226906.0, 264895745, 5, 100.0, 183800.0
51132944.0, 263635148, 8, 2400.0, 183800.0
51132944.0, 263635146, 6, 850.0, 183800.0
34710306.0, 18726575, 5, 300.0, 183800.0
34695807.0, 18392876, 6, 200.0, 183800.0
34666411.0, 17683677, 7, 200.0, 183800.0
34655738.0, 17493124, 4, 69.0, 183800.0
34558107.0, 15184104, 4, 730.0, 183800.0
34405186.0, 11580118, 8, 37.0, 183800.0
57498631.0, 389951912, 2, 600.0, 182100.0
57498631.0, 389951910, 0, 400.0, 182100.0
57498631.0, 389951899, 9, 1000.0, 182100.0
57420156.0, 388229924, 4, 300.0, 182100.0
57420156.0, 388229904, 4, 2250.0, 182100.0
57399673.0, 387729376, 6, 56.0, 182100.0
57258756.0, 384202369, 9, 2250.0, 182100.0
57258754.0, 384202281, 1, 74.0, 182100.0
57258754.0, 384202278, 8, 700.0, 182100.0
57224049.0, 383048039, 9, 2506.0, 182100.0
46496271.0, 205297985, 5, 1950.0, 182100.0
46372448.0, 204005654, 4, 100.0, 182100.0
46292631.0, 203153235, 5, 900.0, 182100.0
45324022.0, 193186930, 0, 6.0, 182100.0
42215005.0, 152358938, 8, 1500.0, 182100.0
41036229.0, 137339475, 5, 200.0, 182100.0
40942694.0, 135963059, 9, 1350.0, 182100.0
40942622.0, 135960590, 0, 1600.0, 182100.0
38362407.0, 93154555, 5, 761.0, 180400.0
38362407.0, 93154554, 4, 500.0, 180400.0
38362407.0, 93154553, 3, 200.0, 180400.0
36877022.0, 67060135, 5, 600.0, 180400.0
36756460.0, 64642878, 8, 1450.0, 180400.0
36750829.0, 64546471, 1, 100.0, 180400.0
36750829.0, 64546469, 9, 112.0, 180400.0
36750829.0, 64546466, 6, 200.0, 180400.0
36750829.0, 64546465, 5, 700.0, 180400.0
36456229.0, 59107214, 4, 502.0, 180400.0
56342932.0, 356791347, 7, 419.0, 184600.0
56342765.0, 356781285, 5, 3.0, 184600.0
56238131.0, 352743561, 1, 500.0, 184600.0
56238131.0, 352743558, 8, 300.0, 184600.0
56238131.0, 352743540, 0, 800.0, 184600.0
56238131.0, 352743535, 5, 700.0, 184600.0
56153455.0, 349796800, 0, 300.0, 184600.0
56153455.0, 349796791, 1, 500.0, 184600.0
56153455.0, 349796779, 9, 700.0, 184600.0
56153455.0, 349796771, 1, 400.0, 184600.0
56153455.0, 349796768, 8, 500.0, 184600.0
56153455.0, 349796765, 5, 100.0, 184600.0
56153455.0, 349796762, 2, 800.0, 184600.0
56153455.0, 349796759, 9, 400.0, 184600.0
56124802.0, 348775195, 5, 500.0, 184600.0
53543791.0, 295653329, 9, 200.0, 184600.0
53523916.0, 295417976, 6, 400.0, 184600.0
53523916.0, 295417971, 1, 200.0, 184600.0
53523916.0, 295417964, 4, 2900.0, 184600.0
53508221.0, 295267996, 6, 2900.0, 184600.0
53508220.0, 295267983, 3, 500.0, 184600.0
53508220.0, 295267981, 1, 300.0, 184600.0
53508220.0, 295267978, 8, 300.0, 184600.0
52810119.0, 286281256, 6, 100.0, 184600.0
34272987.0, 8399188, 8, 600.0, 184600.0
56968936.0, 376913967, 7, 200.0, 182900.0
56968936.0, 376913963, 3, 200.0, 182900.0
56968936.0, 376913960, 0, 100.0, 182900.0
56968936.0, 376913959, 9, 300.0, 182900.0
56968936.0, 376913957, 7, 500.0, 182900.0
55530714.0, 330676499, 9, 100.0, 182900.0
49763300.0, 247436844, 4, 100.0, 182900.0
49629712.0, 244951456, 6, 700.0, 182900.0
49629712.0, 244951452, 2, 300.0, 182900.0
49629712.0, 244951451, 1, 1100.0, 182900.0
49606446.0, 244598547, 7, 1500.0, 182900.0
49606446.0, 244598539, 9, 300.0, 182900.0
57596413.0, 392491922, 2, 610.0, 181200.0
39989608.0, 122987134, 4, 1650.0, 181200.0
39989584.0, 122986877, 7, 100.0, 181200.0
39989584.0, 122986875, 5, 600.0, 181200.0
39989584.0, 122986874, 4, 400.0, 181200.0
39849361.0, 120879085, 5, 1000.0, 181200.0
39849361.0, 120879080, 0, 700.0, 181200.0
39849361.0, 120879079, 9, 200.0, 181200.0
39849361.0, 120879076, 6, 200.0, 181200.0
39739232.0, 119171719, 9, 1500.0, 181200.0
39739203.0, 119171133, 3, 500.0, 181200.0
39739202.0, 119171123, 3, 1100.0, 181200.0
39739202.0, 119171116, 6, 300.0, 181200.0
39739202.0, 119171113, 3, 700.0, 181200.0
39739202.0, 119171112, 2, 300.0, 181200.0
39739202.0, 119171104, 4, 100.0, 181200.0
39658513.0, 117605240, 0, 2600.0, 181200.0
35373322.0, 34481143, 3, 500.0, 181200.0
56759066.0, 371188420, 0, 200.0, 183700.0
56759066.0, 371188413, 3, 500.0, 183700.0
56759066.0, 371188398, 8, 200.0, 183700.0
56759066.0, 371188393, 3, 100.0, 183700.0
56759066.0, 371188392, 2, 100.0, 183700.0
56759065.0, 371188380, 0, 300.0, 183700.0
56745820.0, 370830842, 2, 200.0, 183700.0
56745820.0, 370830839, 9, 100.0, 183700.0
56745820.0, 370830835, 5, 300.0, 183700.0
56745819.0, 370830829, 9, 100.0, 183700.0
54881706.0, 317744185, 5, 96.0, 183700.0
52255636.0, 277343696, 6, 700.0, 183700.0
52157189.0, 276224311, 1, 700.0, 183700.0
51968776.0, 273538146, 6, 1200.0, 183700.0
51968776.0, 273538143, 3, 700.0, 183700.0
51857071.0, 272401219, 9, 1200.0, 183700.0
51857071.0, 272401215, 5, 300.0, 183700.0
51615453.0, 269396860, 0, 200.0, 183700.0
51226638.0, 264883214, 4, 1050.0, 183700.0
34917838.0, 23747334, 4, 95.0, 183700.0
34694318.0, 18348325, 5, 300.0, 183700.0
34516110.0, 14157871, 1, 100.0, 183700.0
34418510.0, 11887622, 2, 100.0, 183700.0
34413627.0, 11782433, 3, 100.0, 183700.0
34411101.0, 11726740, 0, 26.0, 183700.0
34402530.0, 11509048, 8, 100.0, 183700.0
34375581.0, 10802183, 3, 717.0, 183700.0
34326549.0, 9714573, 3, 1076.0, 183700.0
34323495.0, 9638363, 3, 24.0, 183700.0
57525823.0, 390639092, 2, 1122.0, 182000.0
57525377.0, 390626585, 5, 3200.0, 182000.0
57525377.0, 390626580, 0, 2400.0, 182000.0
57525377.0, 390626576, 6, 800.0, 182000.0
57519426.0, 390479581, 1, 9.0, 182000.0
48581700.0, 230564332, 2, 300.0, 182000.0
48581700.0, 230564331, 1, 500.0, 182000.0
48581699.0, 230564305, 5, 2450.0, 182000.0
47165195.0, 212917934, 4, 1446.0, 182000.0
46428386.0, 204551307, 7, 500.0, 182000.0
46308143.0, 203402659, 9, 200.0, 182000.0
46170376.0, 202333483, 3, 2100.0, 182000.0
43795068.0, 174012821, 1, 300.0, 182000.0
42184466.0, 152093417, 7, 300.0, 182000.0
42184466.0, 152093415, 5, 500.0, 182000.0
42184466.0, 152093414, 4, 309.0, 182000.0
42184466.0, 152093413, 3, 300.0, 182000.0
42184466.0, 152093412, 2, 100.0, 182000.0
36566960.0, 61117241, 1, 600.0, 180300.0
36566960.0, 61117236, 6, 700.0, 180300.0
36504327.0, 60108137, 7, 600.0, 180300.0
36454205.0, 59078830, 0, 100.0, 180300.0
56397255.0, 358841578, 8, 1125.0, 184500.0
56396296.0, 358806981, 1, 100.0, 184500.0
56364305.0, 357426263, 3, 100.0, 184500.0
56364305.0, 357426219, 9, 400.0, 184500.0
56364305.0, 357426215, 5, 100.0, 184500.0
56364305.0, 357426209, 9, 800.0, 184500.0
56341567.0, 356692966, 6, 3846.0, 184500.0
56298907.0, 355301600, 0, 400.0, 184500.0
56298907.0, 355301596, 6, 300.0, 184500.0
56298907.0, 355301591, 1, 200.0, 184500.0
56298907.0, 355301580, 0, 200.0, 184500.0
56298906.0, 355301501, 1, 400.0, 184500.0
56264101.0, 353577785, 5, 50.0, 184500.0
56221776.0, 352225349, 9, 300.0, 184500.0
56221775.0, 352225264, 4, 800.0, 184500.0
56221775.0, 352225251, 1, 500.0, 184500.0
56221774.0, 352225174, 4, 300.0, 184500.0
56217319.0, 352059541, 1, 200.0, 184500.0
56216570.0, 352029617, 7, 300.0, 184500.0
56216570.0, 352029610, 0, 400.0, 184500.0
56197408.0, 351386871, 1, 800.0, 184500.0
56197408.0, 351386870, 0, 200.0, 184500.0
56197408.0, 351386869, 9, 400.0, 184500.0
56197408.0, 351386864, 4, 200.0, 184500.0
56197408.0, 351386863, 3, 300.0, 184500.0
56197408.0, 351386856, 6, 200.0, 184500.0
56197408.0, 351386855, 5, 200.0, 184500.0
55966350.0, 342614616, 6, 200.0, 184500.0
53636245.0, 297200576, 6, 400.0, 184500.0
53636245.0, 297200575, 5, 300.0, 184500.0
53636245.0, 297200574, 4, 100.0, 184500.0
53636245.0, 297200567, 7, 400.0, 184500.0
53636245.0, 297200566, 6, 400.0, 184500.0
53636245.0, 297200553, 3, 4926.0, 184500.0
53498010.0, 295038217, 7, 2300.0, 184500.0
53470165.0, 294765830, 0, 300.0, 184500.0
53470164.0, 294765820, 0, 1200.0, 184500.0
53470164.0, 294765819, 9, 300.0, 184500.0
53470164.0, 294765818, 8, 300.0, 184500.0
53470164.0, 294765815, 5, 100.0, 184500.0
53470164.0, 294765813, 3, 500.0, 184500.0
53470164.0, 294765809, 9, 100.0, 184500.0
53470164.0, 294765800, 0, 2900.0, 184500.0
53256546.0, 292178620, 0, 700.0, 184500.0
52922675.0, 288056585, 5, 100.0, 184500.0
52922675.0, 288056583, 3, 100.0, 184500.0
52922674.0, 288056577, 7, 2900.0, 184500.0
34601643.0, 16362615, 5, 200.0, 184500.0
34601643.0, 16362608, 8, 500.0, 184500.0
34584893.0, 15973269, 9, 900.0, 184500.0
34584893.0, 15973268, 8, 100.0, 184500.0
34293646.0, 8931643, 3, 100.0, 184500.0
56627391.0, 366914664, 4, 100.0, 182800.0
55716460.0, 334829567, 7, 300.0, 182800.0
55716460.0, 334829565, 5, 100.0, 182800.0
55716460.0, 334829563, 3, 200.0, 182800.0
55716460.0, 334829560, 0, 200.0, 182800.0
55697796.0, 334389805, 5, 200.0, 182800.0
55697796.0, 334389799, 9, 500.0, 182800.0
55697796.0, 334389795, 5, 200.0, 182800.0
55697796.0, 334389794, 4, 400.0, 182800.0
55697796.0, 334389793, 3, 300.0, 182800.0
35280211.0, 32148263, 3, 100.0, 182800.0
35280209.0, 32148218, 8, 400.0, 182800.0
35266563.0, 31813921, 1, 200.0, 182800.0
34233977.0, 7267383, 3, 100.0, 182800.0
40148533.0, 125664911, 1, 1550.0, 181100.0
40148533.0, 125664909, 9, 2350.0, 181100.0
40148533.0, 125664906, 6, 2695.0, 181100.0
40027622.0, 123542133, 3, 1100.0, 181100.0
40027622.0, 123542132, 2, 700.0, 181100.0
40027622.0, 123542131, 1, 500.0, 181100.0
40027622.0, 123542130, 0, 900.0, 181100.0
40027622.0, 123542127, 7, 400.0, 181100.0
40027621.0, 123542123, 3, 200.0, 181100.0
39824347.0, 120518653, 3, 200.0, 181100.0
39824347.0, 120518652, 2, 1100.0, 181100.0
39799994.0, 120224212, 2, 300.0, 181100.0
39799994.0, 120224210, 0, 400.0, 181100.0
39688901.0, 118314265, 5, 1188.0, 181100.0
38731560.0, 100785957, 7, 400.0, 181100.0
38731024.0, 100767021, 1, 700.0, 181100.0
38731024.0, 100767016, 6, 700.0, 181100.0
38731024.0, 100767013, 3, 100.0, 181100.0
38731024.0, 100767011, 1, 400.0, 181100.0
38731024.0, 100767010, 0, 200.0, 181100.0
38429943.0, 94412752, 2, 1300.0, 181100.0
37995024.0, 86568268, 8, 800.0, 181100.0
37946706.0, 85389475, 5, 1450.0, 181100.0
37946706.0, 85389465, 5, 1700.0, 181100.0
56745669.0, 370816969, 9, 200.0, 183600.0
56680941.0, 368684398, 8, 500.0, 183600.0
56680941.0, 368684392, 2, 200.0, 183600.0
56680941.0, 368684385, 5, 100.0, 183600.0
56680941.0, 368684377, 7, 300.0, 183600.0
56680941.0, 368684367, 7, 400.0, 183600.0
53960901.0, 302179789, 9, 3150.0, 183600.0
52110916.0, 275696397, 7, 22.0, 183600.0
52051232.0, 274762094, 4, 124.0, 183600.0
51201253.0, 264538344, 4, 100.0, 183600.0
51040459.0, 262506481, 1, 2500.0, 183600.0
49746100.0, 246965629, 9, 2200.0, 183600.0
49746100.0, 246965619, 9, 100.0, 183600.0
49716829.0, 246331594, 4, 2500.0, 183600.0
49716829.0, 246331577, 7, 200.0, 183600.0
49716827.0, 246331477, 7, 400.0, 183600.0
34741560.0, 19405149, 9, 300.0, 183600.0
48766496.0, 232441652, 2, 500.0, 181900.0
48766496.0, 232441630, 0, 1300.0, 181900.0
48519442.0, 229792263, 3, 1300.0, 181900.0
47802162.0, 220110131, 1, 3371.0, 181900.0
47800703.0, 220090812, 2, 100.0, 181900.0
47339225.0, 214309589, 9, 2545.0, 181900.0
44300884.0, 180663338, 8, 100.0, 181900.0
44158306.0, 178763903, 3, 100.0, 181900.0
44083127.0, 177768833, 3, 2050.0, 181900.0
44083127.0, 177768832, 2, 2400.0, 181900.0
43964837.0, 176360740, 0, 500.0, 181900.0
43964837.0, 176360739, 9, 300.0, 181900.0
43964837.0, 176360738, 8, 300.0, 181900.0
43964837.0, 176360736, 6, 1300.0, 181900.0
43964837.0, 176360733, 3, 100.0, 181900.0
43964837.0, 176360732, 2, 200.0, 181900.0
43043137.0, 163198077, 7, 200.0, 181900.0
43043137.0, 163198075, 5, 346.0, 181900.0
43043137.0, 163198073, 3, 100.0, 181900.0
43043137.0, 163198055, 5, 1750.0, 181900.0
42894152.0, 160926619, 9, 100.0, 181900.0
42894152.0, 160926615, 5, 900.0, 181900.0
42894152.0, 160926613, 3, 300.0, 181900.0
42894152.0, 160926612, 2, 400.0, 181900.0
42158664.0, 151864508, 8, 1500.0, 181900.0
42158664.0, 151864505, 5, 1600.0, 181900.0
42158343.0, 151862700, 0, 700.0, 181900.0
42158343.0, 151862698, 8, 600.0, 181900.0
42158343.0, 151862695, 5, 200.0, 181900.0
42158343.0, 151862694, 4, 300.0, 181900.0
40881051.0, 135046743, 3, 1350.0, 181900.0
41068560.0, 137669545, 5, 1000.0, 181900.0
40890061.0, 135125853, 3, 15.0, 181900.0
40880355.0, 135042420, 0, 700.0, 181900.0
40880355.0, 135042418, 8, 1300.0, 181900.0
40880355.0, 135042416, 6, 700.0, 181900.0
39307484.0, 111083310, 0, 700.0, 181900.0
39307484.0, 111083303, 3, 700.0, 181900.0
39307484.0, 111083297, 7, 100.0, 181900.0
39307484.0, 111083296, 6, 400.0, 181900.0
39284961.0, 110818011, 1, 2016.0, 181900.0
39242518.0, 110151748, 8, 700.0, 181900.0
39242518.0, 110151742, 2, 100.0, 181900.0
39242518.0, 110151733, 3, 1100.0, 181900.0
39242518.0, 110151732, 2, 500.0, 181900.0
56170576.0, 350411727, 7, 800.0, 184400.0
56170575.0, 350411717, 7, 300.0, 184400.0
56170575.0, 350411714, 4, 400.0, 184400.0
34616886.0, 16653165, 5, 650.0, 184400.0
34616883.0, 16653070, 0, 100.0, 184400.0
34578516.0, 15831643, 3, 600.0, 184400.0
34576528.0, 15786814, 4, 100.0, 184400.0
34574183.0, 15705834, 4, 100.0, 184400.0
34567389.0, 15492123, 3, 70.0, 184400.0
34358886.0, 10413795, 5, 200.0, 184400.0
34358886.0, 10413793, 3, 100.0, 184400.0
34338325.0, 9955455, 5, 89.0, 184400.0
34338325.0, 9955454, 4, 424.0, 184400.0
57140774.0, 381428663, 3, 400.0, 182700.0
57140774.0, 381428644, 4, 200.0, 182700.0
57140773.0, 381428641, 1, 300.0, 182700.0
57140773.0, 381428638, 8, 1000.0, 182700.0
57140773.0, 381428634, 4, 700.0, 182700.0
57140773.0, 381428633, 3, 400.0, 182700.0
56990344.0, 377449146, 6, 200.0, 182700.0
56990338.0, 377448975, 5, 100.0, 182700.0
56990338.0, 377448945, 5, 600.0, 182700.0
55791101.0, 336372692, 2, 200.0, 182700.0
55791101.0, 336372689, 9, 400.0, 182700.0
55791101.0, 336372687, 7, 100.0, 182700.0
55791101.0, 336372681, 1, 600.0, 182700.0
55791101.0, 336372680, 0, 300.0, 182700.0
55791101.0, 336372677, 7, 200.0, 182700.0
50771380.0, 258820811, 1, 900.0, 182700.0
50771380.0, 258820809, 9, 200.0, 182700.0
50771380.0, 258820807, 7, 900.0, 182700.0
50771380.0, 258820805, 5, 1900.0, 182700.0
50771380.0, 258820804, 4, 100.0, 182700.0
50771380.0, 258820802, 2, 200.0, 182700.0
50089867.0, 251421352, 2, 2500.0, 182700.0
50089867.0, 251421351, 1, 300.0, 182700.0
50089867.0, 251421350, 0, 100.0, 182700.0
50089867.0, 251421345, 5, 800.0, 182700.0
50070278.0, 251292903, 3, 1700.0, 182700.0
50070277.0, 251292900, 0, 1100.0, 182700.0
40291387.0, 127244465, 5, 76.0, 181000.0
40254846.0, 126835241, 1, 649.0, 181000.0
40140193.0, 125505101, 1, 100.0, 181000.0
40096098.0, 124900975, 5, 400.0, 181000.0
40096098.0, 124900974, 4, 700.0, 181000.0
40096098.0, 124900973, 3, 700.0, 181000.0
40096098.0, 124900971, 1, 400.0, 181000.0
39002584.0, 105239754, 4, 600.0, 181000.0
39002584.0, 105239753, 3, 900.0, 181000.0
39002584.0, 105239750, 0, 200.0, 181000.0
39002584.0, 105239746, 6, 300.0, 181000.0
38988295.0, 104984742, 2, 2.0, 181000.0
38988294.0, 104984648, 8, 300.0, 181000.0
38988294.0, 104984641, 1, 400.0, 181000.0
38988294.0, 104984631, 1, 300.0, 181000.0
38951102.0, 104290046, 6, 100.0, 181000.0
38951102.0, 104290036, 6, 300.0, 181000.0
38951102.0, 104290035, 5, 200.0, 181000.0
38951102.0, 104290034, 4, 500.0, 181000.0
38951102.0, 104290033, 3, 600.0, 181000.0
38833095.0, 102231934, 4, 2050.0, 181000.0
38831735.0, 102187953, 3, 1800.0, 181000.0
38830653.0, 102117179, 9, 154.0, 181000.0
38830653.0, 102117174, 4, 300.0, 181000.0
38830653.0, 102117171, 1, 500.0, 181000.0
38830653.0, 102117167, 7, 100.0, 181000.0
38543777.0, 96783738, 8, 87.0, 181000.0
38543733.0, 96782904, 4, 1000.0, 181000.0
38224003.0, 90687716, 6, 700.0, 181000.0
38224003.0, 90687712, 2, 700.0, 181000.0
38032146.0, 87463490, 0, 1900.0, 181000.0
38009162.0, 86980592, 2, 300.0, 181000.0
38009162.0, 86980591, 1, 200.0, 181000.0
38009162.0, 86980590, 0, 500.0, 181000.0
38009162.0, 86980589, 9, 600.0, 181000.0
38009162.0, 86980588, 8, 300.0, 181000.0
38009162.0, 86980587, 7, 100.0, 181000.0
37998101.0, 86652635, 5, 700.0, 181000.0
37988067.0, 86427310, 0, 376.0, 181000.0
37886336.0, 84498258, 8, 700.0, 181000.0
37671664.0, 80667414, 4, 400.0, 179900.0
37629772.0, 79748462, 2, 100.0, 179900.0
37487509.0, 77019235, 5, 300.0, 179900.0
37487509.0, 77019234, 4, 100.0, 179900.0
37487509.0, 77019224, 4, 100.0, 179900.0
37487509.0, 77019219, 9, 100.0, 179900.0
37487509.0, 77019215, 5, 600.0, 179900.0
36944420.0, 68479515, 5, 100.0, 179900.0
36944420.0, 68479514, 4, 100.0, 179900.0
36944420.0, 68479511, 1, 300.0, 179900.0
36944420.0, 68479510, 0, 700.0, 179900.0
36096016.0, 52059442, 2, 400.0, 179900.0
56672835.0, 368445147, 7, 100.0, 183500.0
56672835.0, 368445146, 6, 200.0, 183500.0
56672835.0, 368445144, 4, 100.0, 183500.0
56672835.0, 368445129, 9, 300.0, 183500.0
54447415.0, 309270130, 0, 3500.0, 183500.0
54330134.0, 307769525, 5, 500.0, 183500.0
54330134.0, 307769524, 4, 300.0, 183500.0
54330133.0, 307769504, 4, 435.0, 183500.0
51078323.0, 263107474, 4, 2400.0, 183500.0
51066738.0, 262994193, 3, 2400.0, 183500.0
51066737.0, 262994113, 3, 1400.0, 183500.0
51019806.0, 262255838, 8, 1000.0, 183500.0
35195694.0, 30007337, 7, 100.0, 183500.0
35172679.0, 29443270, 0, 1300.0, 183500.0
34863357.0, 22455143, 3, 200.0, 183500.0
34531241.0, 14540870, 0, 200.0, 183500.0