34231818.0, 323751, 1, 150.0, 210400.0
28801076.0, 828441, 1, 200.0, 281500.0
28803880.0, 887543, 3, 100.0, 238800.0
34233061.0, 509399, 9, 100.0, 212100.0
34232678.0, 314178, 8, 60.0, 212100.0
29315732.0, 1086555, 5, 100.0, 212100.0
28803129.0, 871422, 2, 305.0, 255500.0
28804588.0, 903032, 2, 150.0, 240500.0
34234028.0, 2437565, 5, 20.0, 214000.0
34234028.0, 2437464, 4, 7730.0, 214000.0
34234028.0, 1009754, 4, 1000.0, 214000.0
34234028.0, 526337, 7, 2000.0, 214000.0
34234028.0, 525433, 3, 1000.0, 214000.0
34234028.0, 503496, 6, 2000.0, 214000.0
34234028.0, 371613, 3, 260.0, 214000.0
34234028.0, 360972, 2, 20.0, 214000.0
34234028.0, 330277, 7, 20.0, 214000.0
34234028.0, 323140, 0, 1000.0, 214000.0
34234028.0, 313611, 1, 50.0, 214000.0
34234028.0, 312073, 3, 200.0, 214000.0
34234028.0, 8108, 8, 1500.0, 214000.0
28801116.0, 829438, 8, 6575.0, 214000.0
28800381.0, 812193, 3, 100.0, 345000.0
33664838.0, 2858317, 7, 400.0, 315000.0
28804438.0, 899754, 4, 1000.0, 315000.0
28801601.0, 840053, 3, 40.0, 315000.0
28800451.0, 813737, 7, 200.0, 315000.0
28804465.0, 900309, 9, 45.0, 257200.0
34235017.0, 1884343, 3, 100.0, 215700.0
34235017.0, 505054, 4, 100.0, 215700.0
28804875.0, 910181, 1, 1100.0, 215700.0
28804744.0, 906782, 2, 300.0, 243900.0
34219397.0, 4954955, 5, 100.0, 1251700.0
34224354.0, 5072262, 2, 1000.0, 204000.0
34218762.0, 2589920, 0, 3970.0, 204000.0
34218762.0, 1684567, 7, 200.0, 204000.0
34218762.0, 1022745, 5, 300.0, 204000.0
34218762.0, 530658, 8, 290.0, 204000.0
34218762.0, 530643, 3, 105.0, 204000.0
34218762.0, 440367, 7, 118.0, 204000.0
34218762.0, 412473, 3, 177.0, 204000.0
32935681.0, 2482987, 7, 1450.0, 204000.0
31382372.0, 1774778, 8, 1000.0, 204000.0
28802442.0, 857317, 7, 100.0, 325000.0
28800771.0, 820966, 6, 150.0, 325000.0
28800459.0, 813906, 6, 300.0, 325000.0
34223424.0, 379076, 6, 1000.0, 205900.0
28801917.0, 846600, 0, 15.0, 272000.0
34226482.0, 515006, 6, 20000.0, 207600.0
28800396.0, 812526, 6, 179.0, 237600.0
28802167.0, 851698, 8, 500.0, 305500.0
28802432.0, 857108, 8, 20.0, 282500.0
28801934.0, 846946, 6, 175.0, 282500.0
28800949.0, 825318, 8, 100.0, 282500.0
34229430.0, 3614320, 0, 450.0, 209300.0
34229430.0, 2498084, 4, 1922.0, 209300.0
34229430.0, 1884106, 6, 200.0, 209300.0
34229430.0, 1884102, 2, 140.0, 209300.0
34229430.0, 529474, 4, 300.0, 209300.0
34229430.0, 529173, 3, 1500.0, 209300.0
34229430.0, 326765, 5, 10.0, 209300.0
34232198.0, 5269359, 9, 500.0, 197800.0
34231807.0, 5260379, 9, 100.0, 197800.0
34231274.0, 5243652, 2, 82.0, 197800.0
28801798.0, 844182, 2, 500.0, 252500.0
28804555.0, 902228, 8, 200.0, 237500.0
28801529.0, 838583, 3, 250.0, 237500.0
25260710.0, 36913, 3, 50.0, 237500.0
34232265.0, 1144190, 0, 250.0, 211000.0
34232265.0, 1005920, 0, 100.0, 211000.0
34232265.0, 526571, 1, 500.0, 211000.0
34232265.0, 512659, 9, 100.0, 211000.0
34232265.0, 467222, 2, 275.0, 211000.0
34232265.0, 387915, 5, 500.0, 211000.0
34232265.0, 371866, 6, 1500.0, 211000.0
34232265.0, 356527, 7, 146.0, 211000.0
34232265.0, 295485, 5, 20.0, 211000.0
28803900.0, 888004, 4, 25.0, 241000.0
28800733.0, 820089, 9, 246.0, 226000.0
28800109.0, 805759, 9, 500.0, 226000.0
34234309.0, 2439294, 4, 400.0, 214500.0
34234309.0, 1884292, 2, 750.0, 214500.0
34234309.0, 1884290, 0, 100.0, 214500.0
34234309.0, 526610, 0, 403.0, 214500.0
34234309.0, 525962, 2, 100.0, 214500.0
34234309.0, 505560, 0, 100.0, 214500.0
34234028.0, 36871, 1, 200.0, 214500.0
28803051.0, 869843, 3, 200.0, 214500.0
34209835.0, 4659623, 3, 500.0, 199500.0
34208130.0, 4608393, 3, 300.0, 199500.0
34205012.0, 4508500, 0, 1000.0, 199500.0
34204212.0, 3745545, 5, 300.0, 199500.0
34204212.0, 1883985, 5, 200.0, 199500.0
28800985.0, 826131, 1, 24.0, 482100.0
28804879.0, 910302, 2, 196.0, 286000.0
28802387.0, 856174, 4, 2000.0, 286000.0
28801762.0, 843430, 0, 1000.0, 286000.0
28800709.0, 819519, 9, 2000.0, 263000.0
34233413.0, 1199029, 9, 1000.0, 212700.0
28804713.0, 905987, 7, 45.0, 212700.0
34211027.0, 2156230, 0, 35.0, 201200.0
34227631.0, 359740, 0, 3000.0, 208100.0
28805276.0, 920475, 5, 100.0, 386300.0
28800154.0, 806821, 1, 100.0, 276500.0
34229430.0, 322379, 9, 100.0, 209800.0
34229430.0, 36884, 4, 20.0, 209800.0
33956139.0, 3495873, 3, 100.0, 1999999800.0
33955948.0, 3494445, 5, 100.0, 1999999800.0
33953807.0, 3479967, 7, 100.0, 1999999800.0
33950406.0, 3458985, 5, 100.0, 1999999800.0
33941711.0, 3405379, 9, 100.0, 1999999800.0
33924797.0, 3288270, 0, 100.0, 1999999800.0
33901480.0, 3142278, 8, 100.0, 1999999800.0
28802558.0, 859676, 6, 100.0, 309900.0
28802140.0, 851144, 4, 370.0, 309900.0
28804234.0, 895379, 9, 485.0, 253000.0
28803789.0, 885663, 3, 400.0, 253000.0
28803699.0, 883747, 7, 250.0, 253000.0
28803375.0, 876639, 9, 300.0, 253000.0
28802162.0, 851602, 2, 1575.0, 253000.0
28801539.0, 838789, 9, 475.0, 253000.0
28800276.0, 809701, 1, 350.0, 253000.0
34232678.0, 2437819, 9, 28.0, 211500.0
34232678.0, 1884218, 8, 100.0, 211500.0
34232678.0, 1884216, 6, 102.0, 211500.0
34232678.0, 514379, 9, 1200.0, 211500.0
34232678.0, 505416, 6, 100.0, 211500.0
34232678.0, 458025, 5, 300.0, 211500.0
34232678.0, 371846, 6, 210.0, 211500.0
34232678.0, 371635, 5, 500.0, 211500.0
34232678.0, 359791, 1, 500.0, 211500.0
34232678.0, 359134, 4, 1000.0, 211500.0
33922536.0, 3274244, 4, 100.0, 211500.0
28802905.0, 866872, 2, 1000.0, 211500.0
28802301.0, 854433, 3, 414.0, 211500.0
28800365.0, 811823, 3, 100.0, 254900.0
34206947.0, 4574363, 3, 248.0, 310000.0
28805312.0, 921344, 4, 100.0, 310000.0
28804849.0, 909504, 4, 12.0, 310000.0
28804820.0, 908712, 2, 70.0, 310000.0
28804643.0, 904264, 4, 100.0, 310000.0
28804120.0, 892605, 5, 200.0, 310000.0
28803820.0, 886296, 6, 200.0, 310000.0
28802858.0, 865904, 4, 55.0, 310000.0
28802544.0, 859385, 5, 280.0, 310000.0
28801191.0, 831168, 8, 500.0, 310000.0
28801186.0, 831067, 7, 200.0, 310000.0
28801108.0, 829249, 9, 1007.0, 310000.0
28801008.0, 826728, 8, 200.0, 310000.0
28800803.0, 821692, 2, 64.0, 310000.0
28800736.0, 820156, 6, 100.0, 310000.0
28805222.0, 919120, 0, 350.0, 400000.0
28804303.0, 896903, 3, 100.0, 400000.0
28803764.0, 885137, 7, 100.0, 400000.0
28803466.0, 878618, 8, 60.0, 400000.0
28802911.0, 866983, 3, 1000.0, 400000.0
28802694.0, 862517, 7, 15.0, 400000.0
28802581.0, 860149, 9, 234.0, 400000.0
28802363.0, 855698, 8, 200.0, 400000.0
28802167.0, 851691, 1, 100.0, 400000.0
28801959.0, 847459, 9, 11.0, 400000.0
28801340.0, 834442, 2, 50.0, 400000.0
28800972.0, 825802, 2, 300.0, 400000.0
28800785.0, 821285, 5, 224.0, 400000.0
28800685.0, 818900, 0, 102.0, 400000.0
28800574.0, 816428, 8, 128.0, 400000.0
28800189.0, 807631, 1, 40.0, 400000.0
28805138.0, 916938, 8, 500.0, 370000.0
28803886.0, 887688, 8, 250.0, 370000.0
28803529.0, 879985, 5, 200.0, 370000.0
28803126.0, 871364, 4, 100.0, 370000.0
28802476.0, 858012, 2, 325.0, 370000.0
28801406.0, 835926, 6, 360.0, 370000.0
28800486.0, 814498, 8, 40.0, 370000.0
28805067.0, 915143, 3, 1750.0, 340000.0
28804559.0, 902314, 4, 101.0, 340000.0
28802800.0, 864699, 9, 100.0, 340000.0
28802248.0, 853344, 4, 34.0, 340000.0
28802143.0, 851216, 6, 30.0, 340000.0
28800154.0, 806815, 5, 1000.0, 340000.0
34204212.0, 3671352, 2, 95.0, 200000.0
34204212.0, 2969727, 7, 300.0, 200000.0
34204212.0, 2801417, 7, 300.0, 200000.0
34204212.0, 2720300, 0, 100.0, 200000.0
34204212.0, 2041466, 6, 707.0, 200000.0
34204212.0, 1328067, 7, 1600.0, 200000.0
34204212.0, 1197928, 8, 800.0, 200000.0
34204212.0, 1178872, 2, 50.0, 200000.0
34204212.0, 1049125, 5, 2500.0, 200000.0
34204212.0, 1046926, 6, 800.0, 200000.0
34204212.0, 1044068, 8, 855.0, 200000.0
34204212.0, 1026344, 4, 26.0, 200000.0
34204212.0, 1012599, 9, 150.0, 200000.0
34204212.0, 1011435, 5, 500.0, 200000.0
34204212.0, 426995, 5, 13.0, 200000.0
34204212.0, 366333, 3, 100.0, 200000.0
32018554.0, 2015209, 9, 500.0, 200000.0
34233734.0, 2437461, 1, 120.0, 213400.0
34233734.0, 314357, 7, 52.0, 213400.0
33922000.0, 3271104, 4, 100.0, 213400.0
28804562.0, 902380, 0, 50.0, 317000.0
28801712.0, 842401, 1, 100.0, 264000.0
28801002.0, 826578, 8, 100.0, 264000.0
28801963.0, 847530, 0, 200.0, 373400.0
28800645.0, 817983, 3, 75.0, 343400.0
34234802.0, 1150107, 7, 150.0, 215100.0
34234802.0, 361141, 1, 700.0, 215100.0
34200186.0, 4293187, 7, 499.0, 215100.0
28802509.0, 858669, 9, 1000.0, 215100.0
28801696.0, 842067, 7, 450.0, 215100.0
28801361.0, 834930, 0, 200.0, 267400.0
28803076.0, 870360, 0, 100.0, 258300.0
34218762.0, 432108, 8, 30.0, 203400.0
28803345.0, 875984, 4, 1100.0, 297500.0
28800247.0, 809012, 2, 200.0, 297500.0
28800282.0, 809854, 4, 200.0, 267500.0
28839327.0, 929908, 8, 25.0, 231800.0
28801562.0, 839261, 1, 800.0, 231800.0
28800635.0, 817752, 2, 100.0, 330900.0
28801732.0, 842818, 8, 300.0, 248500.0
34226482.0, 529976, 6, 50.0, 207000.0
34226482.0, 529553, 3, 600.0, 207000.0
34226482.0, 332327, 7, 175.0, 207000.0
34225096.0, 291838, 8, 300.0, 207000.0
34215027.0, 4827723, 3, 100.0, 207000.0
32052445.0, 2029552, 2, 2000.0, 207000.0
28802698.0, 862581, 1, 126.0, 1549200.0
28804220.0, 894947, 7, 500.0, 222000.0
28802240.0, 853170, 0, 40.0, 222000.0
28800371.0, 811953, 3, 200.0, 361000.0
28802689.0, 862406, 6, 22.0, 331000.0
28800740.0, 820242, 2, 500.0, 236800.0
34228595.0, 1043773, 3, 400.0, 208700.0
32403683.0, 2235285, 5, 800.0, 208700.0
28800186.0, 807565, 5, 1500.0, 238700.0
34232678.0, 1625937, 7, 1000.0, 212000.0
34232678.0, 1146524, 4, 800.0, 212000.0
34232678.0, 629445, 5, 371.0, 212000.0
34232678.0, 528902, 2, 770.0, 212000.0
34232678.0, 506995, 5, 600.0, 212000.0
34232678.0, 442034, 4, 500.0, 212000.0
34232678.0, 412087, 7, 50.0, 212000.0
34232678.0, 371753, 3, 250.0, 212000.0
34232678.0, 371666, 6, 400.0, 212000.0
34232678.0, 359279, 9, 100.0, 212000.0
34232678.0, 359068, 8, 300.0, 212000.0
34232678.0, 106449, 9, 200.0, 212000.0
28800103.0, 805613, 3, 350.0, 212000.0
34234028.0, 1884254, 4, 100.0, 213900.0
34234028.0, 512692, 2, 100.0, 213900.0
34233734.0, 509064, 4, 200.0, 213900.0
28804053.0, 891303, 3, 300.0, 288000.0
28801636.0, 840818, 8, 120.0, 288000.0
28801582.0, 839676, 6, 200.0, 288000.0
28800608.0, 817179, 9, 35.0, 288000.0
28800198.0, 807866, 6, 100.0, 288000.0
33920075.0, 3260067, 7, 100.0, 1990000000.0
28802695.0, 862518, 8, 100.0, 242100.0
34235017.0, 320651, 1, 320.0, 215600.0
34234802.0, 313132, 2, 100.0, 215600.0
34211027.0, 2883057, 7, 200.0, 200600.0
28803898.0, 887936, 6, 500.0, 243800.0
34215413.0, 2438861, 1, 100.0, 202300.0
33954254.0, 3482742, 2, 100.0, 268600.0
33930091.0, 3325103, 3, 100.0, 823400.0
28804395.0, 898800, 0, 100.0, 249000.0
28801071.0, 828315, 5, 60.0, 234000.0
28801570.0, 839420, 0, 240.0, 219000.0
28802470.0, 857888, 8, 75.0, 355000.0
34226482.0, 2847183, 3, 400.0, 207500.0
34226482.0, 2437467, 7, 150.0, 207500.0
34226482.0, 2011527, 7, 55.0, 207500.0
34226482.0, 1884072, 2, 500.0, 207500.0
34226482.0, 1884070, 0, 100.0, 207500.0
34226482.0, 1884067, 7, 100.0, 207500.0
34226482.0, 1438343, 3, 100.0, 207500.0
34226482.0, 1037729, 9, 67.0, 207500.0
34226482.0, 1015164, 4, 50.0, 207500.0
34226482.0, 595752, 2, 250.0, 207500.0
34226482.0, 530701, 1, 4300.0, 207500.0
34226482.0, 513770, 0, 1000.0, 207500.0
34226482.0, 388285, 5, 700.0, 207500.0
34226482.0, 361582, 2, 100.0, 207500.0
34226482.0, 359789, 9, 500.0, 207500.0
34226482.0, 336461, 1, 275.0, 207500.0
34226482.0, 333107, 7, 400.0, 207500.0
34226482.0, 329410, 0, 300.0, 207500.0
34226482.0, 327361, 1, 200.0, 207500.0
28803073.0, 870304, 4, 200.0, 222500.0
28802159.0, 851536, 6, 7000.0, 222500.0
28800723.0, 819866, 6, 300.0, 222500.0
28800570.0, 816334, 4, 1000.0, 222500.0
33941356.0, 3402607, 7, 100.0, 207500.0
28801259.0, 832674, 4, 300.0, 302000.0
28801282.0, 833186, 6, 500.0, 279000.0
28803078.0, 870394, 4, 100.0, 275300.0
34228595.0, 1022749, 9, 300.0, 209200.0
27683927.0, 642051, 1, 100.0, 20000000.0
28800143.0, 806556, 6, 100.0, 237400.0
34232265.0, 1884184, 4, 178.0, 210900.0
34232265.0, 530356, 6, 300.0, 210900.0
28800403.0, 812670, 0, 20.0, 210900.0
28804392.0, 898733, 3, 35.0, 312500.0
28803491.0, 879133, 3, 73.0, 312500.0
28804751.0, 906965, 5, 40.0, 1269800.0
28802609.0, 860725, 5, 26.0, 372100.0
28801882.0, 845887, 7, 100.0, 262800.0
34233061.0, 1543370, 0, 100.0, 212600.0
28801727.0, 842700, 0, 700.0, 229500.0
28802362.0, 855682, 2, 8.0, 289200.0
28804094.0, 892121, 1, 25.0, 322500.0
28801713.0, 842424, 4, 283.0, 322500.0
28800975.0, 825873, 3, 200.0, 292500.0
28803967.0, 889478, 8, 333.0, 259300.0
33927310.0, 3306969, 9, 100.0, 229300.0
34218762.0, 2039489, 9, 1000.0, 202800.0
33864837.0, 3070144, 4, 1000.0, 217800.0
28804147.0, 893226, 6, 500.0, 269600.0
34221349.0, 2067668, 8, 250.0, 204500.0
34221349.0, 1841854, 4, 200.0, 204500.0
34221349.0, 514920, 0, 27.0, 204500.0
34201176.0, 4344215, 5, 250.0, 219500.0
28800319.0, 810723, 3, 600.0, 356000.0
34227631.0, 463362, 2, 150.0, 208000.0
34227631.0, 327059, 9, 70.0, 208000.0
28802769.0, 864052, 2, 100.0, 303000.0
28801316.0, 833927, 7, 69.0, 303000.0
28802304.0, 854505, 5, 160.0, 273000.0
28805265.0, 920199, 9, 200.0, 280000.0
28804986.0, 913067, 7, 325.0, 280000.0
28804765.0, 907333, 3, 145.0, 280000.0
28804227.0, 895155, 5, 3086.0, 280000.0
28804208.0, 894627, 7, 446.0, 280000.0
28803794.0, 885753, 3, 100.0, 280000.0
28803517.0, 879707, 7, 452.0, 280000.0
28802930.0, 867371, 1, 30.0, 280000.0
28802724.0, 863123, 3, 150.0, 280000.0
28802681.0, 862235, 5, 355.0, 280000.0
28802406.0, 856575, 5, 150.0, 280000.0
28802056.0, 849426, 6, 400.0, 280000.0
28801688.0, 841909, 9, 40.0, 280000.0
28801662.0, 841359, 9, 200.0, 280000.0
28801596.0, 839952, 2, 1000.0, 280000.0
28801358.0, 834875, 5, 100.0, 280000.0
28801210.0, 831587, 7, 62.0, 280000.0
28801126.0, 829682, 2, 3500.0, 280000.0
28801073.0, 828377, 7, 100.0, 280000.0
28800927.0, 824744, 4, 357.0, 280000.0
28800614.0, 817296, 6, 100.0, 280000.0
28800491.0, 814602, 2, 50.0, 280000.0
28800448.0, 813675, 5, 300.0, 280000.0
28800417.0, 812962, 2, 600.0, 280000.0
28800233.0, 808679, 9, 200.0, 280000.0
28800151.0, 806753, 3, 16.0, 280000.0
25260712.0, 36923, 3, 30.0, 280000.0
28804044.0, 891122, 2, 400.0, 549500.0
34229430.0, 419539, 9, 100.0, 209700.0
28802528.0, 859065, 5, 100.0, 309700.0
34232678.0, 1371294, 4, 100.0, 211400.0
34232678.0, 335949, 9, 500.0, 211400.0
28800975.0, 825880, 0, 100.0, 283500.0
28801737.0, 842918, 8, 1000.0, 239800.0
28803970.0, 889566, 6, 100.0, 309800.0
34233734.0, 617622, 2, 500.0, 213300.0
34233734.0, 507554, 4, 30.0, 213300.0
34233734.0, 355596, 6, 96.0, 213300.0
34233413.0, 324333, 3, 200.0, 213300.0
34230836.0, 5230329, 9, 100.0, 198300.0
28803311.0, 875268, 8, 700.0, 213300.0
28801815.0, 844528, 8, 5000.0, 399900.0
28805187.0, 918226, 6, 1000.0, 369900.0
28802319.0, 854811, 1, 571.0, 369900.0
28802463.0, 857734, 4, 200.0, 339900.0
28804522.0, 901539, 9, 500.0, 228100.0
34161431.0, 4132302, 2, 500.0, 241500.0
28802518.0, 858862, 2, 16.0, 430000.0
34211027.0, 2883894, 4, 200.0, 201600.0
34234802.0, 3423647, 7, 1900.0, 215000.0
34234802.0, 3419410, 0, 100.0, 215000.0
34234802.0, 2439435, 5, 100.0, 215000.0
34234802.0, 2439429, 9, 50.0, 215000.0
34234802.0, 2439302, 2, 25.0, 215000.0
34234802.0, 2438677, 7, 270.0, 215000.0
34234802.0, 2437295, 5, 300.0, 215000.0
34234802.0, 2437032, 2, 50.0, 215000.0
34234802.0, 2436911, 1, 100.0, 215000.0
34234802.0, 2180916, 6, 2000.0, 215000.0
34234802.0, 2074077, 7, 24.0, 215000.0
34234802.0, 2072258, 8, 100.0, 215000.0
34234802.0, 2031390, 0, 200.0, 215000.0
34234802.0, 1927158, 8, 350.0, 215000.0
34234802.0, 1872364, 4, 200.0, 215000.0
34234802.0, 1733199, 9, 400.0, 215000.0
34234802.0, 1534521, 1, 5000.0, 215000.0
34234802.0, 1517149, 9, 10.0, 215000.0
34234802.0, 1244385, 5, 10000.0, 215000.0
34234802.0, 1243105, 5, 1300.0, 215000.0
34234802.0, 1155411, 1, 1000.0, 215000.0
34234802.0, 1143295, 5, 400.0, 215000.0
34234802.0, 1141094, 4, 1000.0, 215000.0
34234802.0, 1124731, 1, 2000.0, 215000.0
34234802.0, 1048395, 5, 75.0, 215000.0
34234802.0, 1023570, 0, 200.0, 215000.0
34234802.0, 1015820, 0, 100.0, 215000.0
34234802.0, 611171, 1, 1500.0, 215000.0
34234802.0, 539357, 7, 1000.0, 215000.0
34234802.0, 529735, 5, 200.0, 215000.0
34234802.0, 529526, 6, 300.0, 215000.0
34234802.0, 529275, 5, 100.0, 215000.0
34234802.0, 529226, 6, 100.0, 215000.0
34234802.0, 529120, 0, 100.0, 215000.0
34234802.0, 528945, 5, 10000.0, 215000.0
34234802.0, 526940, 0, 186.0, 215000.0
34234802.0, 526800, 0, 5000.0, 215000.0
34234802.0, 526708, 8, 235.0, 215000.0
34234802.0, 526367, 7, 270.0, 215000.0
34234802.0, 526364, 4, 824.0, 215000.0
34234802.0, 526004, 4, 200.0, 215000.0
34234802.0, 525916, 6, 200.0, 215000.0
34234802.0, 525879, 9, 85.0, 215000.0
34234802.0, 525550, 0, 500.0, 215000.0
34234802.0, 525539, 9, 100.0, 215000.0
34234802.0, 525522, 2, 35.0, 215000.0
34234802.0, 525407, 7, 650.0, 215000.0
34234802.0, 514830, 0, 1000.0, 215000.0
34234802.0, 510132, 2, 130.0, 215000.0
34234802.0, 509530, 0, 100.0, 215000.0
34234802.0, 509275, 5, 100.0, 215000.0
34234802.0, 509066, 6, 100.0, 215000.0
34234802.0, 508898, 8, 500.0, 215000.0
34234802.0, 507784, 4, 12500.0, 215000.0
34234802.0, 507077, 7, 400.0, 215000.0
34234802.0, 505270, 0, 50.0, 215000.0
34234802.0, 505086, 6, 1000.0, 215000.0
34234565.0, 504546, 6, 233.0, 215000.0
34234565.0, 503890, 0, 484.0, 215000.0
34234565.0, 501850, 0, 1000.0, 215000.0
34234565.0, 464606, 6, 75.0, 215000.0
34234565.0, 463974, 4, 100.0, 215000.0
34234565.0, 463210, 0, 400.0, 215000.0
34234565.0, 448065, 5, 50.0, 215000.0
34234565.0, 432153, 3, 156.0, 215000.0
34234565.0, 432111, 1, 100.0, 215000.0
34234565.0, 415304, 4, 1000.0, 215000.0
34234565.0, 407417, 7, 1000.0, 215000.0
34234565.0, 386673, 3, 500.0, 215000.0
34234565.0, 377179, 9, 200.0, 215000.0
34234565.0, 371893, 3, 1000.0, 215000.0
34234565.0, 371869, 9, 1000.0, 215000.0
34234565.0, 371671, 1, 100.0, 215000.0
34234565.0, 366587, 7, 200.0, 215000.0
34234565.0, 361423, 3, 2000.0, 215000.0
34234565.0, 361178, 8, 2000.0, 215000.0
34234565.0, 360845, 5, 100.0, 215000.0
34234565.0, 360664, 4, 200.0, 215000.0
34234565.0, 359265, 5, 600.0, 215000.0
34234565.0, 359177, 7, 500.0, 215000.0
34234565.0, 359031, 1, 140.0, 215000.0
34234565.0, 358921, 1, 1200.0, 215000.0
34234565.0, 358477, 7, 100.0, 215000.0
34234565.0, 358100, 0, 45.0, 215000.0
34234565.0, 357103, 3, 100.0, 215000.0
34234565.0, 356921, 1, 100.0, 215000.0
34234565.0, 354694, 4, 100.0, 215000.0
34234565.0, 333633, 3, 100.0, 215000.0
34234565.0, 333612, 2, 200.0, 215000.0
34234565.0, 333462, 2, 185.0, 215000.0
34234565.0, 331058, 8, 50.0, 215000.0
34234565.0, 324458, 8, 400.0, 215000.0
34234565.0, 322978, 8, 500.0, 215000.0
34234565.0, 322429, 9, 200.0, 215000.0
34234565.0, 319920, 0, 100.0, 215000.0
34234565.0, 318902, 2, 100.0, 215000.0
34234565.0, 314763, 3, 200.0, 215000.0
34234565.0, 313729, 9, 50.0, 215000.0
34234565.0, 296155, 5, 100.0, 215000.0
34234565.0, 295421, 1, 100.0, 215000.0
34234565.0, 291115, 5, 400.0, 215000.0
34234565.0, 106358, 8, 800.0, 215000.0
34234309.0, 36872, 2, 50.0, 215000.0
34216528.0, 4879948, 8, 814.0, 230000.0
33934933.0, 3360439, 9, 100.0, 230000.0
28805043.0, 914530, 0, 175.0, 230000.0
28804924.0, 911469, 9, 20.0, 230000.0
28804719.0, 906130, 0, 350.0, 230000.0
28804645.0, 904337, 7, 75.0, 230000.0
28804552.0, 902175, 5, 50.0, 230000.0
28804359.0, 898039, 9, 645.0, 230000.0
28804243.0, 895605, 5, 80.0, 230000.0
28804172.0, 893808, 8, 1000.0, 230000.0
28803978.0, 889750, 0, 85.0, 230000.0
28803745.0, 884752, 2, 150.0, 230000.0
28803649.0, 882601, 1, 200.0, 230000.0
28803427.0, 877803, 3, 100.0, 230000.0
28802742.0, 863484, 4, 20.0, 230000.0
28802606.0, 860669, 9, 190.0, 230000.0
28802352.0, 855477, 7, 100.0, 230000.0
28801435.0, 836550, 0, 100.0, 230000.0
28801243.0, 832327, 7, 60.0, 230000.0
28801132.0, 829820, 0, 400.0, 230000.0
28800802.0, 821656, 6, 200.0, 230000.0
28800346.0, 811372, 2, 1000.0, 230000.0
28800330.0, 810986, 6, 200.0, 230000.0
28800098.0, 805498, 8, 165.0, 230000.0
28804796.0, 908112, 2, 200.0, 215000.0
28803896.0, 887885, 5, 200.0, 215000.0
28803826.0, 886426, 6, 100.0, 215000.0
28803672.0, 883118, 8, 1000.0, 215000.0
28803039.0, 869601, 1, 1000.0, 215000.0
28802506.0, 858611, 1, 1000.0, 215000.0
28802187.0, 852109, 9, 180.0, 215000.0
28801459.0, 837081, 1, 500.0, 215000.0
28804646.0, 904365, 5, 25.0, 293600.0
34211274.0, 4705238, 8, 400.0, 220000.0
34208631.0, 4623080, 0, 10.0, 220000.0
34204438.0, 4487681, 1, 500.0, 220000.0
33961350.0, 3534094, 4, 100.0, 220000.0
33922715.0, 3275254, 4, 100.0, 220000.0
28805278.0, 920546, 6, 2000.0, 220000.0
28805019.0, 913932, 2, 100.0, 220000.0
28804898.0, 910773, 3, 100.0, 220000.0
28804721.0, 906182, 2, 50.0, 220000.0
28804689.0, 905405, 5, 500.0, 220000.0
28804432.0, 899629, 9, 50.0, 220000.0
28804424.0, 899470, 0, 20.0, 220000.0
28804374.0, 898352, 2, 40.0, 220000.0
28803553.0, 880456, 6, 100.0, 220000.0
28803525.0, 879881, 1, 100.0, 220000.0
28802888.0, 866522, 2, 100.0, 220000.0
28801855.0, 845335, 5, 200.0, 220000.0
28800853.0, 822912, 2, 140.0, 220000.0
28800758.0, 820654, 4, 50.0, 220000.0
28800449.0, 813701, 1, 4000.0, 220000.0
28800308.0, 810469, 9, 2500.0, 220000.0
28800288.0, 810003, 3, 100.0, 220000.0
28800145.0, 806603, 3, 500.0, 220000.0
28800122.0, 806048, 8, 1850.0, 220000.0
34225096.0, 1581381, 1, 500.0, 206900.0
34225096.0, 1142549, 9, 125.0, 206900.0
34225096.0, 361168, 8, 100.0, 206900.0
25260714.0, 36932, 2, 35.0, 327100.0
28803836.0, 886638, 8, 160.0, 250100.0
34227631.0, 523149, 9, 1713.0, 208600.0
28802217.0, 852699, 9, 500.0, 281200.0
28801275.0, 833031, 1, 31.0, 281200.0
28802731.0, 863265, 5, 35.0, 277500.0
28801400.0, 835790, 0, 160.0, 277500.0
34145953.0, 4088850, 0, 1000.0, 367500.0
28803310.0, 875251, 1, 100.0, 307500.0
28802652.0, 861618, 8, 120.0, 213800.0
34204806.0, 4500382, 2, 100.0, 198800.0
28801686.0, 841862, 2, 800.0, 257000.0
28805288.0, 920819, 9, 100.0, 242000.0
28802855.0, 865845, 5, 500.0, 242000.0
28805140.0, 917018, 8, 50.0, 227000.0
28803925.0, 888541, 1, 200.0, 227000.0
34234802.0, 2439158, 8, 2000.0, 215500.0
34234802.0, 1631039, 9, 100.0, 215500.0
34234802.0, 371851, 1, 45.0, 215500.0
34234802.0, 371838, 8, 400.0, 215500.0
34234802.0, 370646, 6, 113.0, 215500.0
34234802.0, 359792, 2, 500.0, 215500.0
34234802.0, 357022, 2, 1000.0, 215500.0
34234802.0, 325181, 1, 400.0, 215500.0
34211027.0, 1883994, 4, 5020.0, 200500.0
33321749.0, 2668037, 7, 1000.0, 200500.0
30030558.0, 1338897, 7, 500.0, 200500.0
28805159.0, 917504, 4, 100.0, 295000.0
28804661.0, 904734, 4, 500.0, 295000.0
28803994.0, 890086, 6, 109.0, 295000.0
28803508.0, 879511, 1, 200.0, 295000.0
28803252.0, 873957, 7, 1000.0, 295000.0
28802815.0, 865001, 1, 50.0, 295000.0
28801855.0, 845331, 1, 500.0, 295000.0
28801637.0, 840836, 6, 100.0, 295000.0
28800959.0, 825533, 3, 37.0, 295000.0
28800519.0, 815196, 6, 100.0, 295000.0
28800386.0, 812306, 6, 500.0, 295000.0
28800196.0, 807810, 0, 11.0, 295000.0
28800120.0, 806004, 4, 80.0, 295000.0
28804017.0, 890549, 9, 200.0, 265000.0
28802231.0, 852991, 1, 386.0, 265000.0
28801440.0, 836654, 4, 60.0, 265000.0
28800726.0, 819935, 5, 100.0, 265000.0
28802383.0, 856108, 8, 50.0, 228700.0
34215413.0, 2611305, 5, 234.0, 202200.0
34215413.0, 2439622, 2, 18.0, 202200.0
34215413.0, 2438791, 1, 128.0, 202200.0
34215413.0, 2025105, 5, 700.0, 202200.0
34215413.0, 1877874, 4, 30.0, 202200.0
34215413.0, 1105597, 7, 5.0, 202200.0
34215413.0, 1039373, 3, 2000.0, 202200.0
34215413.0, 1037731, 1, 5000.0, 202200.0
34215413.0, 1026511, 1, 500.0, 202200.0
34215413.0, 1019487, 7, 232.0, 202200.0
34215413.0, 506986, 6, 5.0, 202200.0
34215413.0, 430529, 9, 209.0, 202200.0
34215413.0, 387671, 1, 100.0, 202200.0
28803361.0, 876336, 6, 100.0, 202200.0
34223424.0, 1884036, 6, 700.0, 205700.0
28803949.0, 889039, 9, 200.0, 233900.0
34226482.0, 473935, 5, 10000.0, 207400.0
34226482.0, 36870, 0, 700.0, 207400.0
33135788.0, 2568358, 8, 100.0, 222400.0
28802829.0, 865306, 6, 450.0, 222400.0
28801921.0, 846691, 1, 2000.0, 275100.0
34228595.0, 530149, 9, 100.0, 209100.0
34228595.0, 359851, 1, 1000.0, 209100.0
34206339.0, 4554412, 2, 100.0, 224100.0
32403695.0, 2235290, 0, 600.0, 209100.0
28805272.0, 920368, 8, 200.0, 278900.0
28804091.0, 892065, 5, 200.0, 282200.0
34232265.0, 514232, 2, 100.0, 210800.0
34232265.0, 330579, 9, 100.0, 210800.0
34214585.0, 4815104, 4, 400.0, 285600.0
28800333.0, 811040, 0, 200.0, 485000.0
34233061.0, 2439210, 0, 50.0, 212500.0
34233061.0, 2438980, 0, 500.0, 212500.0
34233061.0, 2438331, 1, 100.0, 212500.0
34233061.0, 2437261, 1, 1564.0, 212500.0
34233061.0, 1884238, 8, 100.0, 212500.0
34233061.0, 1884237, 7, 2000.0, 212500.0
34233061.0, 1884235, 5, 100.0, 212500.0
34233061.0, 1884233, 3, 100.0, 212500.0
34233061.0, 1884231, 1, 400.0, 212500.0
34233061.0, 1884230, 0, 276.0, 212500.0
34233061.0, 1244305, 5, 200.0, 212500.0
34233061.0, 1026938, 8, 1500.0, 212500.0
34233061.0, 530556, 6, 50.0, 212500.0
34233061.0, 530090, 0, 25.0, 212500.0
34233061.0, 529222, 2, 1000.0, 212500.0
34233061.0, 528835, 5, 50.0, 212500.0
34233061.0, 528357, 7, 405.0, 212500.0
34233061.0, 528305, 5, 25.0, 212500.0
34233061.0, 526839, 9, 147.0, 212500.0
34233061.0, 526260, 0, 100.0, 212500.0
34233061.0, 515264, 4, 200.0, 212500.0
34233061.0, 511163, 3, 32.0, 212500.0
34233061.0, 504330, 0, 60.0, 212500.0
34233061.0, 456906, 6, 200.0, 212500.0
34233061.0, 380754, 4, 100.0, 212500.0
34233061.0, 371855, 5, 100.0, 212500.0
34233061.0, 371767, 7, 239.0, 212500.0
34233061.0, 364748, 8, 100.0, 212500.0
34233061.0, 359049, 9, 100.0, 212500.0
34233061.0, 356972, 2, 700.0, 212500.0
34233061.0, 333718, 8, 100.0, 212500.0
34233061.0, 327825, 5, 500.0, 212500.0
34233061.0, 324181, 1, 100.0, 212500.0
34233061.0, 105710, 0, 50.0, 212500.0
28805106.0, 916135, 5, 150.0, 212500.0
28802835.0, 865439, 9, 100.0, 212500.0
28801404.0, 835883, 3, 125.0, 212500.0
28804742.0, 906733, 3, 200.0, 242500.0
34215353.0, 4840784, 4, 1000.0, 227500.0
28802090.0, 850136, 6, 100.0, 255900.0
28804627.0, 903900, 0, 2000.0, 216000.0
34211027.0, 2497217, 7, 4000.0, 201000.0
34211027.0, 1944915, 5, 200.0, 201000.0
34211027.0, 1044089, 9, 100.0, 201000.0
33015196.0, 2521551, 1, 100.0, 201000.0
31374008.0, 1770944, 4, 1000.0, 201000.0
28801882.0, 845897, 7, 1500.0, 229400.0
28803083.0, 870501, 1, 200.0, 349000.0
28804724.0, 906251, 1, 200.0, 266000.0
28804555.0, 902218, 8, 200.0, 296000.0
28801456.0, 837010, 0, 2970.0, 296000.0
28801592.0, 839883, 3, 500.0, 259200.0
34215413.0, 3106357, 7, 5000.0, 202700.0
28804062.0, 891476, 6, 25.0, 299500.0
28800874.0, 823405, 5, 100.0, 299500.0
34225096.0, 2035889, 9, 100.0, 206300.0
34225096.0, 1960456, 6, 1000.0, 206300.0
34225096.0, 515158, 8, 200.0, 206300.0
34223424.0, 514331, 1, 265.0, 206300.0
28800851.0, 822874, 4, 100.0, 249500.0
28800910.0, 824317, 7, 60.0, 559800.0
28803757.0, 884998, 8, 100.0, 238000.0
28802861.0, 865972, 2, 50.0, 238000.0
28805076.0, 915351, 1, 200.0, 223000.0
33922113.0, 3271709, 9, 100.0, 252800.0
34233413.0, 519238, 8, 200.0, 213200.0
34209030.0, 4635914, 4, 100.0, 198200.0
34208008.0, 4605518, 8, 200.0, 198200.0
28802772.0, 864110, 0, 450.0, 228000.0
28800959.0, 825535, 5, 200.0, 228000.0
28803659.0, 882851, 1, 5792.0, 256400.0
34234309.0, 2438539, 9, 50.0, 214900.0
34234309.0, 1884306, 6, 300.0, 214900.0
34234309.0, 1884304, 4, 100.0, 214900.0
34234309.0, 1884303, 3, 200.0, 214900.0
34234309.0, 1884298, 8, 200.0, 214900.0
34234309.0, 1010657, 7, 252.0, 214900.0
34234309.0, 530671, 1, 665.0, 214900.0
34234309.0, 526496, 6, 8.0, 214900.0
34234309.0, 506974, 4, 250.0, 214900.0
34234309.0, 401507, 7, 23.0, 214900.0
34234309.0, 400019, 9, 100.0, 214900.0
25313084.0, 54891, 1, 25.0, 214900.0
34204212.0, 3070315, 5, 170.0, 199900.0
34204212.0, 1769306, 6, 100.0, 199900.0
34221229.0, 5003719, 9, 1865.0, 290000.0
28805099.0, 915941, 1, 300.0, 320000.0
28804796.0, 908110, 0, 400.0, 320000.0
28802653.0, 861652, 2, 56.0, 320000.0
28802370.0, 855839, 9, 35.0, 320000.0
28801789.0, 843983, 3, 150.0, 320000.0
28801697.0, 842093, 3, 40.0, 320000.0
28801134.0, 829855, 5, 300.0, 320000.0
28801013.0, 826855, 5, 25.0, 320000.0
28800971.0, 825786, 6, 150.0, 320000.0
28800719.0, 819781, 1, 110.0, 320000.0
28800365.0, 811809, 9, 2400.0, 320000.0
28800348.0, 811413, 3, 210.0, 320000.0
34214638.0, 4816727, 7, 150.0, 290000.0
34201266.0, 4348625, 5, 2900.0, 290000.0
34145924.0, 4088781, 1, 1600.0, 290000.0
28804596.0, 903196, 6, 100.0, 290000.0
28804500.0, 901009, 9, 225.0, 290000.0
28804450.0, 900006, 6, 140.0, 290000.0
28803780.0, 885475, 5, 40.0, 290000.0
28803439.0, 878073, 3, 145.0, 290000.0
28803373.0, 876599, 9, 36.0, 290000.0
28802845.0, 865641, 1, 120.0, 290000.0
28802351.0, 855463, 3, 100.0, 290000.0
28802085.0, 850019, 9, 110.0, 290000.0
28801994.0, 848162, 2, 1800.0, 290000.0
28801820.0, 844623, 3, 35.0, 290000.0
28801641.0, 840913, 3, 100.0, 290000.0
28801069.0, 828269, 9, 100.0, 290000.0
28801012.0, 826834, 4, 150.0, 290000.0
28800975.0, 825882, 2, 300.0, 290000.0
28800931.0, 824861, 1, 500.0, 290000.0
28800885.0, 823681, 1, 220.0, 290000.0
28800718.0, 819762, 2, 75.0, 290000.0
28800708.0, 819501, 1, 126.0, 290000.0
28804443.0, 899849, 9, 300.0, 231600.0
28802678.0, 862191, 1, 37.0, 270400.0
28804148.0, 893235, 5, 30.0, 297200.0
34225096.0, 2439379, 9, 1000.0, 206800.0
33964797.0, 3561208, 8, 100.0, 500000.0
28803226.0, 873416, 6, 100.0, 500000.0
28801474.0, 837411, 1, 25.0, 500000.0
34208821.0, 4629169, 9, 10.0, 250000.0
33966958.0, 3576958, 8, 100.0, 250000.0
33953721.0, 3479543, 3, 100.0, 250000.0
33949721.0, 3454945, 5, 100.0, 250000.0
33938795.0, 3387086, 6, 100.0, 250000.0
33937247.0, 3377809, 9, 100.0, 250000.0
33909477.0, 3204081, 1, 100.0, 250000.0
28805214.0, 918927, 7, 100.0, 250000.0
28804853.0, 909610, 0, 20.0, 250000.0
28804791.0, 907966, 6, 185.0, 250000.0
28804745.0, 906804, 4, 9.0, 250000.0
28804497.0, 900948, 8, 6000.0, 250000.0
28804482.0, 900652, 2, 100.0, 250000.0
28804170.0, 893755, 5, 45.0, 250000.0
28803970.0, 889576, 6, 300.0, 250000.0
28803943.0, 888919, 9, 100.0, 250000.0
28803742.0, 884677, 7, 300.0, 250000.0
28803644.0, 882513, 3, 100.0, 250000.0
28803558.0, 880567, 7, 15.0, 250000.0
28803449.0, 878278, 8, 100.0, 250000.0
28802936.0, 867495, 5, 400.0, 250000.0
28802878.0, 866317, 7, 100.0, 250000.0
28802744.0, 863529, 9, 100.0, 250000.0
28802623.0, 861008, 8, 400.0, 250000.0
28802561.0, 859728, 8, 540.0, 250000.0
28802342.0, 855271, 1, 48.0, 250000.0
28802310.0, 854631, 1, 200.0, 250000.0
28802122.0, 850775, 5, 100.0, 250000.0
28802046.0, 849231, 1, 2000.0, 250000.0
28801917.0, 846601, 1, 295.0, 250000.0
28801781.0, 843828, 8, 900.0, 250000.0
28801173.0, 830772, 2, 120.0, 250000.0
28801018.0, 826971, 1, 75.0, 250000.0
28800815.0, 822001, 1, 100.0, 250000.0
28800759.0, 820683, 3, 200.0, 250000.0
28800467.0, 814082, 2, 200.0, 250000.0
28800426.0, 813186, 6, 298.0, 250000.0
34203397.0, 4447025, 5, 200.0, 235000.0
28805097.0, 915887, 7, 200.0, 235000.0
28805056.0, 914854, 4, 200.0, 235000.0
28804670.0, 904959, 9, 300.0, 235000.0
28804034.0, 890907, 7, 100.0, 235000.0
28803895.0, 887872, 2, 100.0, 235000.0
28803675.0, 883182, 2, 100.0, 235000.0
28803537.0, 880145, 5, 500.0, 235000.0
28802946.0, 867700, 0, 300.0, 235000.0
28802651.0, 861595, 5, 262.0, 235000.0
28802639.0, 861348, 8, 100.0, 235000.0
28802210.0, 852573, 3, 500.0, 235000.0
28801422.0, 836273, 3, 40.0, 235000.0
28800568.0, 816285, 5, 100.0, 235000.0
34227631.0, 1145797, 7, 400.0, 208500.0
34227631.0, 556773, 3, 150.0, 208500.0
34227631.0, 511273, 3, 600.0, 208500.0
34227631.0, 464412, 2, 94.0, 208500.0
25260709.0, 36909, 9, 50.0, 238500.0
32403683.0, 2235287, 7, 800.0, 208500.0
28804559.0, 902303, 3, 200.0, 208500.0
28800978.0, 825948, 8, 307.0, 277200.0
28800260.0, 809328, 8, 226.0, 277200.0
28803246.0, 873829, 9, 300.0, 281000.0
28802734.0, 863331, 1, 60.0, 281000.0
28802426.0, 856978, 8, 10.0, 281000.0
28802197.0, 852314, 4, 30.0, 281000.0
28800826.0, 822270, 0, 120.0, 281000.0
34231818.0, 1017523, 3, 179.0, 210200.0
28803191.0, 872690, 0, 150.0, 255200.0
34233734.0, 360310, 0, 200.0, 213700.0
34234802.0, 1557445, 5, 100.0, 215400.0
34234802.0, 526719, 9, 200.0, 215400.0
28804354.0, 897929, 9, 1000.0, 215400.0
28805112.0, 916265, 5, 100.0, 291100.0
28801362.0, 834946, 6, 100.0, 291100.0
28803589.0, 881258, 8, 500.0, 321200.0
28802344.0, 855311, 1, 1000.0, 294500.0
28804471.0, 900434, 4, 60.0, 271500.0
28802637.0, 861295, 5, 200.0, 248800.0
28800358.0, 811645, 5, 300.0, 233800.0
28804457.0, 900156, 6, 75.0, 218800.0
28800273.0, 809653, 3, 400.0, 218800.0
33911058.0, 3213270, 0, 100.0, 207300.0
28801821.0, 844641, 1, 950.0, 262000.0
28801649.0, 841093, 3, 14.0, 235500.0
28801145.0, 830110, 0, 1000.0, 235500.0
34228595.0, 3887717, 7, 400.0, 209000.0
34228595.0, 1542497, 7, 50.0, 209000.0
34228595.0, 530635, 5, 1000.0, 209000.0
34228595.0, 530282, 2, 500.0, 209000.0
34228595.0, 529587, 7, 100.0, 209000.0
34228595.0, 514855, 5, 33.0, 209000.0
34228595.0, 457046, 6, 450.0, 209000.0
34228595.0, 396453, 3, 100.0, 209000.0
34228595.0, 375381, 1, 50.0, 209000.0
34228595.0, 361934, 4, 500.0, 209000.0
34228595.0, 361388, 8, 600.0, 209000.0
34228595.0, 360795, 5, 1000.0, 209000.0
34228595.0, 329334, 4, 1000.0, 209000.0
28803728.0, 884393, 3, 300.0, 278700.0
33922135.0, 3271863, 3, 100.0, 209000.0
33096566.0, 2557220, 0, 400.0, 209000.0
28800445.0, 813628, 8, 200.0, 209000.0
28801561.0, 839235, 5, 200.0, 365000.0
28803083.0, 870503, 3, 300.0, 335000.0
32460802.0, 2265861, 1, 15000.0, 305000.0
32460802.0, 2265858, 8, 10000.0, 305000.0
32460482.0, 2265187, 7, 10000.0, 305000.0
28804875.0, 910184, 4, 4.0, 305000.0
28801834.0, 844902, 2, 500.0, 305000.0
34214627.0, 4816350, 0, 200.0, 275000.0
28804881.0, 910341, 1, 300.0, 275000.0
28804167.0, 893670, 0, 50.0, 275000.0
28804003.0, 890280, 0, 500.0, 275000.0
28803864.0, 887225, 5, 70.0, 275000.0
28803564.0, 880705, 5, 400.0, 275000.0
28803102.0, 870880, 0, 200.0, 275000.0
28801922.0, 846707, 7, 350.0, 275000.0
28801766.0, 843521, 1, 100.0, 275000.0
28801575.0, 839525, 5, 458.0, 275000.0
28801319.0, 833996, 6, 159.0, 275000.0
28800910.0, 824316, 6, 500.0, 275000.0
28800475.0, 814252, 2, 523.0, 275000.0
28804183.0, 894065, 5, 400.0, 282000.0
28802131.0, 850957, 7, 40.0, 252200.0
34232265.0, 558708, 8, 300.0, 210700.0
34231818.0, 507501, 1, 214.0, 210700.0
33381663.0, 2702318, 8, 200.0, 199200.0
28800118.0, 805967, 7, 75.0, 315400.0
34233061.0, 425126, 6, 485.0, 212400.0
34233061.0, 371906, 6, 100.0, 212400.0
34233061.0, 318632, 2, 80.0, 212400.0
28802574.0, 859997, 7, 150.0, 285500.0
28801847.0, 845175, 5, 1600.0, 285500.0
28805215.0, 918947, 7, 550.0, 262500.0
28800550.0, 815886, 6, 200.0, 262500.0
34234028.0, 371654, 4, 555.0, 214300.0
34234028.0, 293924, 4, 51.0, 214300.0
28802843.0, 865602, 2, 1000.0, 288800.0
28800678.0, 818751, 1, 150.0, 288800.0
28802905.0, 866865, 5, 150.0, 265900.0
28804382.0, 898531, 1, 200.0, 231000.0
28803353.0, 876141, 1, 100.0, 231000.0
28803384.0, 876864, 4, 50.0, 299200.0
28804633.0, 904035, 5, 8.0, 299300.0
28802077.0, 849871, 1, 250.0, 442000.0
28802920.0, 867158, 8, 1773.0, 236000.0
28801736.0, 842883, 3, 1500.0, 236000.0
28802919.0, 867157, 7, 200.0, 221000.0
28805311.0, 921330, 0, 2000.0, 249400.0
28805106.0, 916116, 6, 70.0, 359000.0
28804994.0, 913272, 2, 276.0, 359000.0
34226482.0, 1803459, 9, 75.0, 207900.0
28803255.0, 874006, 6, 100.0, 237900.0
28803783.0, 885530, 0, 155.0, 222900.0
28801643.0, 840970, 0, 1000.0, 207900.0
28803757.0, 884999, 9, 474.0, 276000.0
34232265.0, 509076, 6, 100.0, 211200.0
33960582.0, 3526963, 3, 100.0, 211200.0
34231821.0, 5260677, 7, 100.0, 198100.0
34231273.0, 5243614, 4, 100.0, 198100.0
34230800.0, 5229017, 7, 200.0, 198100.0
28800854.0, 822945, 5, 500.0, 422500.0
28802781.0, 864306, 6, 500.0, 309500.0
34233413.0, 360806, 6, 1000.0, 212900.0
34233413.0, 357039, 9, 500.0, 212900.0
34233413.0, 327895, 5, 400.0, 212900.0
34233413.0, 324892, 2, 100.0, 212900.0
34233413.0, 36874, 4, 100.0, 212900.0
28800498.0, 814755, 5, 193.0, 256300.0
34234309.0, 511639, 9, 100.0, 214800.0
34234309.0, 359548, 8, 100.0, 214800.0
34234309.0, 36886, 6, 20.0, 214800.0
34204212.0, 3338909, 9, 200.0, 199800.0
34204212.0, 1613866, 6, 100.0, 199800.0
28804341.0, 897667, 7, 200.0, 243000.0
34211027.0, 2881147, 7, 30.0, 201500.0
28802681.0, 862239, 9, 450.0, 246500.0
34206943.0, 4574170, 0, 20.0, 231500.0
28800583.0, 816625, 5, 500.0, 231500.0
28802881.0, 866368, 8, 150.0, 216500.0
28803667.0, 883010, 0, 200.0, 380000.0
28801843.0, 845081, 1, 400.0, 380000.0
28800665.0, 818446, 6, 100.0, 380000.0
28800222.0, 808430, 0, 200.0, 380000.0
33953707.0, 3479475, 5, 100.0, 350000.0
28805249.0, 919784, 4, 500.0, 350000.0
28805146.0, 917169, 9, 100.0, 350000.0
28804988.0, 913118, 8, 200.0, 350000.0
28804940.0, 911892, 2, 500.0, 350000.0
28804914.0, 911209, 9, 100.0, 350000.0
28804024.0, 890708, 8, 40.0, 350000.0
28803935.0, 888742, 2, 135.0, 350000.0
28803863.0, 887192, 2, 50.0, 350000.0
28803794.0, 885770, 0, 100.0, 350000.0
28803212.0, 873121, 1, 800.0, 350000.0
28803000.0, 868812, 2, 169.0, 350000.0
28802790.0, 864483, 3, 11149.0, 350000.0
28802783.0, 864329, 9, 22.0, 350000.0
28802622.0, 861002, 2, 907.0, 350000.0
28802571.0, 859953, 3, 500.0, 350000.0
28801867.0, 845586, 6, 360.0, 350000.0
28801659.0, 841286, 6, 100.0, 350000.0
28801528.0, 838543, 3, 1000.0, 350000.0
28800945.0, 825212, 2, 80.0, 350000.0
28800902.0, 824118, 8, 14.0, 350000.0
28800883.0, 823629, 9, 100.0, 350000.0
28800382.0, 812211, 1, 1000.0, 350000.0
34221349.0, 3486217, 7, 200.0, 205000.0
34221349.0, 2893714, 4, 104.0, 205000.0
34221349.0, 2742448, 8, 1000.0, 205000.0
34221349.0, 2501147, 7, 100.0, 205000.0
34221349.0, 2486490, 0, 1000.0, 205000.0
34221349.0, 2442335, 5, 1100.0, 205000.0
34221349.0, 2439670, 0, 50.0, 205000.0
34221349.0, 2437105, 5, 25.0, 205000.0
34221349.0, 2372192, 2, 500.0, 205000.0
34221349.0, 2287960, 0, 200.0, 205000.0
34221349.0, 2126687, 7, 50.0, 205000.0
34221349.0, 1962601, 1, 2500.0, 205000.0
34221349.0, 1628501, 1, 50.0, 205000.0
34221349.0, 1483057, 7, 100.0, 205000.0
34221349.0, 1268997, 7, 100.0, 205000.0
34221349.0, 1147716, 6, 1300.0, 205000.0
34221349.0, 1043969, 9, 950.0, 205000.0
34221349.0, 1043472, 2, 350.0, 205000.0
34221349.0, 1017765, 5, 386.0, 205000.0
34221349.0, 1015375, 5, 240.0, 205000.0
34221349.0, 1012782, 2, 100.0, 205000.0
34221349.0, 1007130, 0, 321.0, 205000.0
34221349.0, 691864, 4, 53.0, 205000.0
34221349.0, 622948, 8, 400.0, 205000.0
34221349.0, 565909, 9, 200.0, 205000.0
34221349.0, 530684, 4, 400.0, 205000.0
34221349.0, 530182, 2, 10.0, 205000.0
34221349.0, 515117, 7, 390.0, 205000.0
34221349.0, 514603, 3, 100.0, 205000.0
34221349.0, 514483, 3, 500.0, 205000.0
34221349.0, 457901, 1, 45.0, 205000.0
34221349.0, 393146, 6, 250.0, 205000.0
34221349.0, 378467, 7, 57.0, 205000.0
34221349.0, 361475, 5, 1000.0, 205000.0
34221349.0, 331589, 9, 200.0, 205000.0
34208762.0, 4626736, 6, 10.0, 205000.0
34203790.0, 4463500, 0, 6.0, 205000.0
33954461.0, 3484194, 4, 100.0, 205000.0
32897698.0, 2467573, 3, 1000.0, 205000.0
28803316.0, 875387, 7, 500.0, 205000.0
28800583.0, 816627, 7, 200.0, 205000.0
28800414.0, 812910, 0, 2300.0, 205000.0
28803959.0, 889290, 0, 600.0, 297000.0
28805148.0, 917227, 7, 3000.0, 323300.0
28803725.0, 884340, 0, 1000.0, 259700.0
33964927.0, 3562049, 9, 100.0, 218200.0
33939802.0, 3392949, 9, 100.0, 206700.0
28804580.0, 902845, 5, 200.0, 261400.0
28800277.0, 809727, 7, 1000.0, 261400.0
28803744.0, 884733, 3, 1400.0, 234900.0
28804695.0, 905536, 6, 1550.0, 219900.0
28803282.0, 874645, 5, 1300.0, 219900.0
28802771.0, 864086, 6, 200.0, 219900.0
28803747.0, 884796, 6, 426.0, 360000.0
28803503.0, 879394, 4, 50.0, 360000.0
28803322.0, 875513, 3, 600.0, 360000.0
28802838.0, 865494, 4, 50.0, 360000.0
28801696.0, 842075, 5, 950.0, 360000.0
28801688.0, 841903, 3, 600.0, 360000.0
28801273.0, 832993, 3, 78.0, 360000.0
28803035.0, 869521, 1, 40.0, 277000.0
28800787.0, 821325, 5, 100.0, 303800.0
28802319.0, 854814, 4, 139.0, 251600.0
28801221.0, 831840, 0, 400.0, 236600.0
34231818.0, 1636486, 6, 100.0, 210100.0
28803399.0, 877214, 4, 50.0, 240100.0
28801039.0, 827518, 8, 2000.0, 210100.0
33048966.0, 2538525, 5, 3702.0, 367200.0
28801673.0, 841586, 6, 100.0, 337200.0
34233734.0, 529302, 2, 139.0, 213600.0
34233734.0, 371626, 6, 250.0, 213600.0
34205631.0, 4530462, 2, 100.0, 198600.0
28805162.0, 917579, 9, 100.0, 253300.0
28804953.0, 912254, 4, 300.0, 287500.0
28804804.0, 908301, 1, 200.0, 287500.0
34232678.0, 1925873, 3, 500.0, 211800.0
34232678.0, 314320, 0, 500.0, 211800.0
28801093.0, 828899, 9, 3525.0, 256800.0
28802739.0, 863434, 4, 200.0, 347700.0
28802522.0, 858947, 7, 50.0, 374000.0
28804866.0, 909947, 7, 959.0, 217000.0
28804607.0, 903441, 1, 1003.0, 217000.0
28803957.0, 889240, 0, 200.0, 217000.0
28800358.0, 811642, 2, 1807.0, 217000.0
34215413.0, 3056884, 4, 5000.0, 202000.0
34215413.0, 2147352, 2, 2000.0, 202000.0
34215413.0, 2075289, 9, 300.0, 202000.0
34215413.0, 1894886, 6, 1000.0, 202000.0
34215413.0, 1380321, 1, 1500.0, 202000.0
34069446.0, 3873930, 0, 500.0, 202000.0
28802281.0, 854042, 2, 300.0, 298000.0
28801014.0, 826880, 0, 100.0, 298000.0
28804134.0, 892941, 1, 320.0, 268000.0
28803360.0, 876321, 1, 82.0, 268000.0
28804195.0, 894340, 0, 59.0, 271300.0
28802764.0, 863946, 6, 29.0, 324400.0
34228595.0, 2672060, 0, 100.0, 208900.0
34228595.0, 1884084, 4, 500.0, 208900.0
34228595.0, 512155, 5, 106.0, 208900.0
32403694.0, 2235289, 9, 800.0, 208900.0
28805145.0, 917129, 9, 33.0, 252100.0
28803756.0, 884980, 0, 50.0, 237100.0
28800737.0, 820187, 7, 400.0, 225600.0
28804280.0, 896414, 4, 100.0, 254000.0
28801641.0, 840933, 3, 50.0, 254000.0
28801445.0, 836767, 7, 360.0, 254000.0
28800171.0, 807225, 5, 500.0, 254000.0
28801496.0, 837896, 6, 190.0, 239000.0
28801089.0, 828819, 9, 2880.0, 253800.0
34233061.0, 526477, 7, 1700.0, 212300.0
34233061.0, 508149, 9, 2000.0, 212300.0
28803147.0, 871782, 2, 300.0, 227300.0
33968587.0, 3587654, 4, 100.0, 200800.0
28804399.0, 898883, 3, 100.0, 262300.0
34234028.0, 508417, 7, 250.0, 214200.0
28803458.0, 878455, 5, 100.0, 244000.0
28800590.0, 816779, 9, 250.0, 244000.0
28800121.0, 806027, 7, 100.0, 244000.0
28804853.0, 909588, 8, 6.0, 405000.0
28801926.0, 846791, 1, 500.0, 405000.0
28802958.0, 867954, 4, 50.0, 375000.0
28800918.0, 824511, 1, 500.0, 375000.0
34215413.0, 2093453, 3, 300.0, 202500.0
34215413.0, 1950601, 1, 500.0, 202500.0
34215413.0, 1884009, 9, 375.0, 202500.0
34215413.0, 1463104, 4, 250.0, 202500.0
34215413.0, 1362287, 7, 40.0, 202500.0
34215413.0, 1048174, 4, 500.0, 202500.0
34215413.0, 1044090, 0, 35.0, 202500.0
34215413.0, 1038303, 3, 1790.0, 202500.0
34215413.0, 552527, 7, 50.0, 202500.0
34215413.0, 426019, 9, 100.0, 202500.0
33912955.0, 3224957, 7, 100.0, 202500.0
31425641.0, 1790544, 4, 3500.0, 202500.0
25323008.0, 56176, 6, 500.0, 202500.0
28801537.0, 838750, 0, 200.0, 245900.0
28803616.0, 881899, 9, 1000.0, 215900.0
28802411.0, 856684, 4, 800.0, 215900.0
28800663.0, 818391, 1, 400.0, 352000.0
28800182.0, 807488, 8, 50.0, 269000.0
34221349.0, 2240828, 8, 300.0, 204200.0
28803805.0, 885980, 0, 45.0, 219200.0
28803799.0, 885855, 5, 45.0, 219200.0
28802523.0, 858957, 7, 100.0, 764400.0
28803272.0, 874393, 3, 100.0, 302500.0
28803682.0, 883344, 4, 200.0, 272500.0
28800118.0, 805958, 8, 250.0, 272500.0
28801310.0, 833794, 4, 100.0, 249300.0
28802279.0, 853995, 5, 500.0, 279500.0
28800570.0, 816343, 3, 186.0, 279500.0
34226482.0, 2439426, 6, 100.0, 207800.0
33872056.0, 3082005, 5, 1000.0, 237800.0
33847556.0, 3038710, 0, 500.0, 207800.0
28800993.0, 826349, 9, 30.0, 305800.0
28803623.0, 882059, 9, 25.0, 251000.0
28803184.0, 872554, 4, 200.0, 251000.0
28801018.0, 826989, 9, 1000.0, 251000.0
34229430.0, 2438832, 2, 30.0, 209500.0
34229430.0, 2438478, 8, 50.0, 209500.0
34229430.0, 1884118, 8, 25.0, 209500.0
34229430.0, 1884111, 1, 200.0, 209500.0
34229430.0, 1208533, 3, 500.0, 209500.0
34229430.0, 628927, 7, 100.0, 209500.0
34229430.0, 529893, 3, 1000.0, 209500.0
34229430.0, 509501, 1, 300.0, 209500.0
34229430.0, 455791, 1, 500.0, 209500.0
34229430.0, 36894, 4, 30.0, 209500.0
34229430.0, 36880, 0, 900.0, 209500.0
34200096.0, 4289571, 1, 2500.0, 254500.0
30863591.0, 1595952, 2, 100.0, 209500.0
28805331.0, 921658, 8, 2500.0, 209500.0
28805091.0, 915744, 4, 110.0, 209500.0
28803475.0, 878809, 9, 400.0, 209500.0
28803288.0, 874763, 3, 104.0, 209500.0
34233413.0, 2439492, 2, 4.0, 213000.0
34233413.0, 2437460, 0, 100.0, 213000.0
34233413.0, 1126017, 7, 43.0, 213000.0
34233413.0, 1043910, 0, 940.0, 213000.0
34233413.0, 1043892, 2, 940.0, 213000.0
34233413.0, 529544, 4, 100.0, 213000.0
34233413.0, 528823, 3, 1000.0, 213000.0
34233413.0, 526451, 1, 65.0, 213000.0
34233413.0, 515125, 5, 250.0, 213000.0
34233413.0, 509079, 9, 370.0, 213000.0
34233413.0, 508887, 7, 100.0, 213000.0
34233413.0, 356768, 8, 400.0, 213000.0
34233413.0, 324343, 3, 300.0, 213000.0
34229142.0, 5180067, 7, 100.0, 198000.0
34227764.0, 5146178, 8, 100.0, 198000.0
34208601.0, 4622218, 8, 48.0, 213000.0
28803974.0, 889673, 3, 100.0, 213000.0
34210529.0, 4682203, 3, 100.0, 198000.0
34233413.0, 528319, 9, 25.0, 212800.0
28803243.0, 873759, 9, 20.0, 286300.0
28801539.0, 838783, 3, 500.0, 263300.0
34234309.0, 1884294, 4, 100.0, 214700.0
34234309.0, 508734, 4, 800.0, 214700.0
34234309.0, 425809, 9, 52.0, 214700.0
28800742.0, 820275, 5, 160.0, 257900.0
28800337.0, 811152, 2, 80.0, 216400.0
28802933.0, 867436, 6, 200.0, 246400.0
34221349.0, 1884012, 2, 81.0, 204900.0
34221349.0, 1884011, 1, 506.0, 204900.0
34221349.0, 1243126, 6, 400.0, 204900.0
34221349.0, 1038401, 1, 62.0, 204900.0
34221349.0, 1022640, 0, 150.0, 204900.0
34221349.0, 515090, 0, 50.0, 204900.0
34221349.0, 333887, 7, 50.0, 204900.0
28800194.0, 807761, 1, 1067.0, 204900.0
33965621.0, 3567093, 3, 100.0, 1999999900.0
33960913.0, 3529681, 1, 100.0, 1999999900.0
33960476.0, 3526306, 6, 100.0, 1999999900.0
33958980.0, 3514944, 4, 100.0, 1999999900.0
33958774.0, 3513811, 1, 100.0, 1999999900.0
33958325.0, 3511369, 9, 100.0, 1999999900.0
33957774.0, 3508024, 4, 100.0, 1999999900.0
33957136.0, 3503518, 8, 1000.0, 1999999900.0
33947801.0, 3443650, 0, 100.0, 1999999900.0
33946738.0, 3436419, 9, 100.0, 1999999900.0
33944163.0, 3420611, 1, 100.0, 1999999900.0
33944086.0, 3420116, 6, 100.0, 1999999900.0
33942247.0, 3409019, 9, 100.0, 1999999900.0
33941739.0, 3405576, 6, 100.0, 1999999900.0
33940738.0, 3398694, 4, 100.0, 1999999900.0
33940464.0, 3397228, 8, 100.0, 1999999900.0
33939574.0, 3391508, 8, 100.0, 1999999900.0
33938905.0, 3387698, 8, 1000.0, 1999999900.0
33938817.0, 3387228, 8, 100.0, 1999999900.0
33935953.0, 3367756, 6, 100.0, 1999999900.0
33928688.0, 3315177, 7, 100.0, 1999999900.0
33922868.0, 3276002, 2, 100.0, 1999999900.0
33920207.0, 3260858, 8, 100.0, 1999999900.0
33917628.0, 3252559, 9, 100.0, 1999999900.0
33915975.0, 3243152, 2, 100.0, 1999999900.0
33913462.0, 3228177, 7, 100.0, 1999999900.0
33912999.0, 3225203, 3, 100.0, 1999999900.0
33911602.0, 3216649, 9, 100.0, 1999999900.0
33911434.0, 3215656, 6, 100.0, 1999999900.0
33910376.0, 3209386, 6, 100.0, 1999999900.0
33910035.0, 3207314, 4, 100.0, 1999999900.0
33907967.0, 3193458, 8, 100.0, 1999999900.0
33904760.0, 3171486, 6, 100.0, 1999999900.0
33903116.0, 3158550, 0, 100.0, 1999999900.0
28802112.0, 850585, 5, 110.0, 270100.0
34225096.0, 2098548, 8, 1000.0, 206600.0
34225096.0, 701192, 2, 40.0, 206600.0
34225096.0, 388486, 6, 200.0, 206600.0
28803214.0, 873168, 8, 140.0, 249800.0
28803450.0, 878279, 9, 300.0, 234800.0
34227631.0, 570407, 7, 250.0, 208300.0
34227631.0, 404600, 0, 240.0, 208300.0
32403683.0, 2235286, 6, 800.0, 208300.0
28801078.0, 828507, 7, 175.0, 389900.0
25260709.0, 36911, 1, 30.0, 276900.0
28802637.0, 861299, 9, 140.0, 450000.0
28802239.0, 853159, 9, 400.0, 450000.0
28802151.0, 851370, 0, 100.0, 450000.0
28805170.0, 917782, 2, 930.0, 420000.0
28804797.0, 908124, 4, 117.0, 420000.0
28802562.0, 859757, 7, 1180.0, 420000.0
28800749.0, 820451, 1, 150.0, 420000.0
28804133.0, 892921, 1, 52.0, 390000.0
28803417.0, 877588, 8, 320.0, 390000.0
28801464.0, 837185, 5, 100.0, 390000.0
34231818.0, 3776556, 6, 1000.0, 210000.0
34231818.0, 2689337, 7, 102.0, 210000.0
34231818.0, 2544450, 0, 500.0, 210000.0
34231818.0, 2513542, 2, 2500.0, 210000.0
34231818.0, 2439491, 1, 50.0, 210000.0
34231818.0, 2439484, 4, 50.0, 210000.0
34231818.0, 2439313, 3, 100.0, 210000.0
34231818.0, 2439253, 3, 50.0, 210000.0
34231818.0, 2439242, 2, 106.0, 210000.0
34231818.0, 2439234, 4, 100.0, 210000.0
34231818.0, 2439099, 9, 110.0, 210000.0
34231818.0, 2439092, 2, 104.0, 210000.0
34231818.0, 2439079, 9, 120.0, 210000.0
34231818.0, 2439070, 0, 500.0, 210000.0
34231818.0, 2438429, 9, 50.0, 210000.0
34231818.0, 2437708, 8, 240.0, 210000.0
34231818.0, 2437566, 6, 143.0, 210000.0
34231818.0, 2437564, 4, 39282.0, 210000.0
34231818.0, 2437562, 2, 223.0, 210000.0
34231818.0, 2437472, 2, 84.0, 210000.0
34231818.0, 2437399, 9, 89.0, 210000.0
34231818.0, 2437301, 1, 100.0, 210000.0
34231818.0, 2437183, 3, 1350.0, 210000.0
34231818.0, 2437129, 9, 200.0, 210000.0
34231818.0, 2437097, 7, 10000.0, 210000.0
34231818.0, 2410099, 9, 500.0, 210000.0
34231818.0, 2129778, 8, 1000.0, 210000.0
34231818.0, 2093855, 5, 100.0, 210000.0
34231818.0, 2077778, 8, 20.0, 210000.0
34231818.0, 2074432, 2, 20.0, 210000.0
34231818.0, 2058973, 3, 200.0, 210000.0
34231818.0, 2034898, 8, 230.0, 210000.0
34231818.0, 2009393, 3, 1200.0, 210000.0
34231818.0, 1983224, 4, 300.0, 210000.0
34231818.0, 1848367, 7, 23.0, 210000.0
34231818.0, 1758289, 9, 500.0, 210000.0
34231818.0, 1546929, 9, 1850.0, 210000.0
34231818.0, 1537341, 1, 50.0, 210000.0
34231818.0, 1511556, 6, 49.0, 210000.0
34231818.0, 1441027, 7, 1000.0, 210000.0
34231818.0, 1251881, 1, 100.0, 210000.0
34231818.0, 1244332, 2, 400.0, 210000.0
34231818.0, 1244225, 5, 500.0, 210000.0
34231818.0, 1205209, 9, 500.0, 210000.0
34231818.0, 1204973, 3, 300.0, 210000.0
34231818.0, 1203023, 3, 5.0, 210000.0
34231818.0, 1155023, 3, 100.0, 210000.0
34231818.0, 1145231, 1, 1076.0, 210000.0
34231322.0, 1144630, 0, 5000.0, 210000.0
34231322.0, 1140990, 0, 750.0, 210000.0
34231322.0, 1134119, 9, 3.0, 210000.0
34231322.0, 1128828, 8, 300.0, 210000.0
34231322.0, 1060068, 8, 100.0, 210000.0
34231322.0, 1045325, 5, 135.0, 210000.0
34231322.0, 1042845, 5, 200.0, 210000.0
34231322.0, 1037501, 1, 25.0, 210000.0
34231322.0, 1025673, 3, 266.0, 210000.0
34231322.0, 1015080, 0, 250.0, 210000.0
34231322.0, 1012589, 9, 1000.0, 210000.0
34231322.0, 745584, 4, 1000.0, 210000.0
34231322.0, 691188, 8, 600.0, 210000.0
34231322.0, 689301, 1, 433.0, 210000.0
34231322.0, 688505, 5, 1111.0, 210000.0
34231322.0, 667857, 7, 100.0, 210000.0
34231322.0, 632497, 7, 79.0, 210000.0
34231322.0, 592295, 5, 76.0, 210000.0
34231322.0, 539466, 6, 1000.0, 210000.0
34231322.0, 538394, 4, 100.0, 210000.0
34231322.0, 533979, 9, 50.0, 210000.0
34231322.0, 530891, 1, 100.0, 210000.0
34231322.0, 530864, 4, 54.0, 210000.0
34231322.0, 530508, 8, 60.0, 210000.0
34231322.0, 530496, 6, 489.0, 210000.0
34231322.0, 530469, 9, 500.0, 210000.0
34231322.0, 530366, 6, 50.0, 210000.0
34231322.0, 530022, 2, 500.0, 210000.0
34231322.0, 530009, 9, 400.0, 210000.0
34231322.0, 529972, 2, 400.0, 210000.0
34231322.0, 529967, 7, 107.0, 210000.0
34231322.0, 529911, 1, 488.0, 210000.0
34231322.0, 529909, 9, 100.0, 210000.0
34231322.0, 529821, 1, 40.0, 210000.0
34231322.0, 529797, 7, 865.0, 210000.0
34231322.0, 529796, 6, 151.0, 210000.0
34231322.0, 529785, 5, 200.0, 210000.0
34231322.0, 529761, 1, 200.0, 210000.0
34231322.0, 529730, 0, 45.0, 210000.0
34231322.0, 529637, 7, 100.0, 210000.0
34231322.0, 529233, 3, 250.0, 210000.0
34231322.0, 529224, 4, 92.0, 210000.0
34231322.0, 529032, 2, 46.0, 210000.0
34231322.0, 528943, 3, 3517.0, 210000.0
34231322.0, 528900, 0, 204.0, 210000.0
34231322.0, 528885, 5, 300.0, 210000.0
34231322.0, 528881, 1, 300.0, 210000.0
34231322.0, 528877, 7, 94.0, 210000.0
34231322.0, 528808, 8, 200.0, 210000.0
34231322.0, 528553, 3, 1100.0, 210000.0
34231322.0, 527931, 1, 365.0, 210000.0
34231322.0, 527378, 8, 200.0, 210000.0
34231322.0, 526709, 9, 1400.0, 210000.0
34231322.0, 526666, 6, 333.0, 210000.0
34231322.0, 526618, 8, 194.0, 210000.0
34231322.0, 526391, 1, 160.0, 210000.0
34231322.0, 515142, 2, 30.0, 210000.0
34231322.0, 515112, 2, 108.0, 210000.0
34231322.0, 515101, 1, 600.0, 210000.0
34231322.0, 515031, 1, 1000.0, 210000.0
34231322.0, 514350, 0, 300.0, 210000.0
34231322.0, 514195, 5, 500.0, 210000.0
34231322.0, 514056, 6, 171.0, 210000.0
34231322.0, 513930, 0, 1000.0, 210000.0
34231322.0, 513803, 3, 327.0, 210000.0
34231322.0, 512997, 7, 1000.0, 210000.0
34231322.0, 512739, 9, 526.0, 210000.0
34231322.0, 511840, 0, 100.0, 210000.0
34231322.0, 511252, 2, 280.0, 210000.0
34231322.0, 510592, 2, 50.0, 210000.0
34231322.0, 509326, 6, 1000.0, 210000.0
34231322.0, 509127, 7, 20.0, 210000.0
34231322.0, 509071, 1, 300.0, 210000.0
34231322.0, 509018, 8, 114.0, 210000.0
34231322.0, 508915, 5, 2000.0, 210000.0
34230775.0, 508671, 1, 500.0, 210000.0
34230775.0, 508556, 6, 300.0, 210000.0
34230775.0, 508138, 8, 200.0, 210000.0
34230775.0, 508023, 3, 253.0, 210000.0
34230775.0, 507051, 1, 3600.0, 210000.0
34230775.0, 505742, 2, 287.0, 210000.0
34230775.0, 505306, 6, 54.0, 210000.0
34230775.0, 504994, 4, 160.0, 210000.0
34230775.0, 504935, 5, 54.0, 210000.0
34230775.0, 504903, 3, 1290.0, 210000.0
34230775.0, 504860, 0, 400.0, 210000.0
34230775.0, 504763, 3, 4.0, 210000.0
34230775.0, 504215, 5, 59.0, 210000.0
34230775.0, 504117, 7, 1592.0, 210000.0
34230775.0, 503817, 7, 200.0, 210000.0
34230775.0, 488080, 0, 700.0, 210000.0
34230775.0, 487213, 3, 27.0, 210000.0
34230775.0, 480870, 0, 26000.0, 210000.0
34230775.0, 480823, 3, 1400.0, 210000.0
34230775.0, 480815, 5, 2900.0, 210000.0
34230775.0, 459828, 8, 150.0, 210000.0
34230775.0, 455260, 0, 42.0, 210000.0
34230775.0, 454253, 3, 3000.0, 210000.0
34230775.0, 446242, 2, 500.0, 210000.0
34230775.0, 437721, 1, 500.0, 210000.0
34230775.0, 422688, 8, 200.0, 210000.0
34230775.0, 415780, 0, 40.0, 210000.0
34230775.0, 409218, 8, 240.0, 210000.0
34230775.0, 400879, 9, 1000.0, 210000.0
34230775.0, 392267, 7, 24.0, 210000.0
34230775.0, 388503, 3, 1150.0, 210000.0
34230775.0, 375437, 7, 950.0, 210000.0
34230775.0, 371845, 5, 249.0, 210000.0
34230775.0, 371632, 2, 100.0, 210000.0
34230775.0, 371598, 8, 200.0, 210000.0
34230775.0, 361167, 7, 162.0, 210000.0
34230775.0, 360839, 9, 250.0, 210000.0
34230775.0, 360833, 3, 100.0, 210000.0
34230775.0, 360663, 3, 300.0, 210000.0
34230775.0, 359743, 3, 22.0, 210000.0
34230775.0, 359396, 6, 800.0, 210000.0
34230775.0, 359098, 8, 76.0, 210000.0
34230775.0, 359070, 0, 50.0, 210000.0
34230775.0, 358905, 5, 200.0, 210000.0
34230775.0, 358848, 8, 400.0, 210000.0
34230144.0, 357316, 6, 210.0, 210000.0
34230144.0, 357312, 2, 1000.0, 210000.0
34230144.0, 357305, 5, 100.0, 210000.0
34230144.0, 357265, 5, 1000.0, 210000.0
34230144.0, 357202, 2, 650.0, 210000.0
34230144.0, 357125, 5, 25.0, 210000.0
34230144.0, 356927, 7, 50.0, 210000.0
34230144.0, 356769, 9, 2.0, 210000.0
34230144.0, 334966, 6, 300.0, 210000.0
34230144.0, 333901, 1, 100.0, 210000.0
34230144.0, 333547, 7, 245.0, 210000.0
34230144.0, 333328, 8, 17.0, 210000.0
34230144.0, 333268, 8, 100.0, 210000.0
34230144.0, 332110, 0, 100.0, 210000.0
34230144.0, 329776, 6, 50.0, 210000.0
34230144.0, 328471, 1, 25.0, 210000.0
34230144.0, 327079, 9, 40.0, 210000.0
34230144.0, 326831, 1, 300.0, 210000.0
34230144.0, 326681, 1, 800.0, 210000.0
34230144.0, 326538, 8, 400.0, 210000.0
34230144.0, 326000, 0, 75.0, 210000.0
34230144.0, 324100, 0, 100.0, 210000.0
34230144.0, 323311, 1, 200.0, 210000.0
34230144.0, 321617, 7, 40.0, 210000.0
34230144.0, 315808, 8, 50.0, 210000.0
34230144.0, 315349, 9, 1000.0, 210000.0
34230144.0, 296016, 6, 50.0, 210000.0
34230144.0, 277172, 2, 2000.0, 210000.0
34230144.0, 277026, 6, 2071.0, 210000.0
34230144.0, 273639, 9, 50.0, 210000.0
34230144.0, 266965, 5, 100.0, 210000.0
34230144.0, 105346, 6, 300.0, 210000.0
34230144.0, 36882, 2, 100.0, 210000.0
34230144.0, 36873, 3, 100.0, 210000.0
34230144.0, 8104, 4, 2000.0, 210000.0
28805239.0, 919519, 9, 300.0, 240000.0
28804949.0, 912144, 4, 371.0, 240000.0
28804924.0, 911470, 0, 700.0, 240000.0
28804920.0, 911369, 9, 340.0, 240000.0
28804889.0, 910561, 1, 100.0, 240000.0
28804837.0, 909189, 9, 85.0, 240000.0
28804614.0, 903582, 2, 375.0, 240000.0
28804522.0, 901548, 8, 300.0, 240000.0
28804330.0, 897455, 5, 200.0, 240000.0
28804308.0, 896993, 3, 200.0, 240000.0
28803882.0, 887591, 1, 100.0, 240000.0
28803627.0, 882140, 0, 1.0, 240000.0
28803462.0, 878551, 1, 500.0, 240000.0
28803285.0, 874711, 1, 100.0, 240000.0
28801893.0, 846099, 9, 50.0, 240000.0
28801785.0, 843913, 3, 103.0, 240000.0
28801679.0, 841708, 8, 100.0, 240000.0
28801587.0, 839780, 0, 50.0, 240000.0
28801270.0, 832931, 1, 100.0, 240000.0
28801124.0, 829633, 3, 200.0, 240000.0
28800763.0, 820768, 8, 20.0, 240000.0
28800171.0, 807233, 3, 20.0, 240000.0
28805238.0, 919505, 5, 500.0, 225000.0
28804818.0, 908654, 4, 140.0, 225000.0
28804775.0, 907600, 0, 200.0, 225000.0
28804079.0, 891829, 9, 1570.0, 225000.0
28803975.0, 889692, 2, 200.0, 225000.0
28803075.0, 870329, 9, 4600.0, 225000.0
28802135.0, 851050, 0, 100.0, 225000.0
28800192.0, 807714, 4, 300.0, 225000.0
34206435.0, 4557620, 0, 137.0, 210000.0
34204525.0, 4490555, 5, 80.0, 210000.0
33939024.0, 3388384, 4, 100.0, 210000.0
33932484.0, 3343686, 6, 100.0, 210000.0
28805165.0, 917642, 2, 200.0, 210000.0
28805070.0, 915209, 9, 200.0, 210000.0
28804938.0, 911850, 0, 100.0, 210000.0
28804754.0, 907062, 2, 1000.0, 210000.0
28804501.0, 901040, 0, 130.0, 210000.0
28804198.0, 894414, 4, 25.0, 210000.0
28803874.0, 887418, 8, 150.0, 210000.0
28803401.0, 877266, 6, 200.0, 210000.0
28803316.0, 875385, 5, 140.0, 210000.0
28802533.0, 859172, 2, 250.0, 210000.0
28802507.0, 858637, 7, 250.0, 210000.0
28802474.0, 857971, 1, 300.0, 210000.0
28801987.0, 848018, 8, 3000.0, 210000.0
28801047.0, 827728, 8, 200.0, 210000.0
28801652.0, 841141, 1, 200.0, 253200.0
28803794.0, 885772, 2, 480.0, 226700.0
28801830.0, 844825, 5, 200.0, 211700.0
34234802.0, 1996472, 2, 149.0, 215200.0
34234802.0, 596048, 8, 200.0, 215200.0
34234802.0, 576991, 1, 100.0, 215200.0
34234802.0, 509574, 4, 200.0, 215200.0
34234802.0, 503634, 4, 400.0, 215200.0
34234802.0, 420614, 4, 1183.0, 215200.0
34204212.0, 2882580, 0, 200.0, 200200.0
30944980.0, 1617736, 6, 200.0, 347400.0
28803042.0, 869673, 3, 300.0, 317400.0
28803803.0, 885936, 6, 210.0, 2100300.0
34215413.0, 1802482, 2, 100.0, 201900.0
34215413.0, 1048356, 6, 500.0, 201900.0
34223424.0, 2515980, 0, 1000.0, 205500.0
34223424.0, 2106979, 9, 8000.0, 205500.0
34223424.0, 1884032, 2, 225.0, 205500.0
34223424.0, 1884031, 1, 1000.0, 205500.0
34228595.0, 1881327, 7, 4000.0, 208800.0
34228595.0, 514252, 2, 200.0, 208800.0
34228595.0, 469103, 3, 1115.0, 208800.0
28804161.0, 893500, 0, 50.0, 208800.0
28802487.0, 858232, 2, 250.0, 208800.0
28800530.0, 815443, 3, 135.0, 222200.0
34200179.0, 4292869, 9, 1500.0, 252000.0
28804875.0, 910194, 4, 100.0, 252000.0
34231818.0, 2438986, 6, 120.0, 210500.0
34231818.0, 1884175, 5, 500.0, 210500.0
34231818.0, 1884174, 4, 75.0, 210500.0
34231818.0, 507131, 1, 600.0, 210500.0
34231818.0, 478939, 9, 250.0, 210500.0
34231818.0, 314827, 7, 100.0, 210500.0
34149358.0, 4097218, 8, 1000.0, 210500.0
28801456.0, 837015, 5, 100.0, 278000.0
28804825.0, 908847, 7, 200.0, 285000.0
28804620.0, 903725, 5, 50.0, 285000.0
28803541.0, 880211, 1, 100.0, 285000.0
28802908.0, 866935, 5, 200.0, 285000.0
28801782.0, 843839, 9, 102.0, 285000.0
28801746.0, 843101, 1, 100.0, 285000.0
28800158.0, 806903, 3, 50.0, 285000.0
28800107.0, 805717, 7, 31.0, 285000.0
34233061.0, 2780021, 1, 500.0, 212200.0
34233061.0, 527782, 2, 100.0, 212200.0
34233061.0, 439726, 6, 1500.0, 212200.0
34233061.0, 371721, 1, 6091.0, 212200.0
33096698.0, 2557331, 1, 100.0, 240600.0
34234028.0, 525542, 2, 674.0, 214100.0
28805191.0, 918349, 9, 128.0, 295500.0
28805105.0, 916107, 7, 100.0, 295500.0
34235017.0, 529922, 2, 150.0, 215800.0
34235017.0, 528399, 9, 1000.0, 215800.0
34235017.0, 367474, 4, 100.0, 215800.0
34235017.0, 361132, 2, 1000.0, 215800.0
28802014.0, 848584, 4, 175.0, 215800.0
28805007.0, 913633, 3, 100.0, 245800.0
28801818.0, 844584, 4, 100.0, 291800.0
34218762.0, 2792699, 9, 900.0, 204100.0
34200325.0, 4300646, 6, 500.0, 217500.0
28804976.0, 912812, 2, 90.0, 217500.0
28801399.0, 835772, 2, 200.0, 217500.0
28801506.0, 838092, 2, 1000.0, 247500.0
28801448.0, 836831, 1, 1000.0, 247500.0
33115906.0, 2563930, 0, 100.0, 232500.0
28805076.0, 915361, 1, 500.0, 232500.0
28804658.0, 904657, 7, 500.0, 232500.0
28802714.0, 862912, 2, 110.0, 232500.0
28804931.0, 911654, 4, 100.0, 382000.0
34223424.0, 2041954, 4, 82.0, 206000.0
34223424.0, 530067, 7, 20.0, 206000.0
34223424.0, 333440, 0, 600.0, 206000.0
31268932.0, 1737818, 8, 900.0, 206000.0
28802995.0, 868712, 2, 50.0, 206000.0
28802159.0, 851539, 9, 200.0, 272200.0
28803112.0, 871076, 6, 250.0, 299000.0
28800835.0, 822481, 1, 506.0, 299000.0
34229430.0, 2438699, 9, 5000.0, 209400.0
34229430.0, 529552, 2, 1500.0, 209400.0
34229430.0, 509039, 9, 375.0, 209400.0
33933487.0, 3350600, 0, 100.0, 209400.0
28800136.0, 806385, 5, 10000.0, 209400.0
28804287.0, 896561, 1, 300.0, 309000.0
34231379.0, 5247334, 4, 200.0, 197900.0
34227999.0, 5153209, 9, 100.0, 197900.0
34217050.0, 4894713, 3, 100.0, 197900.0
34232265.0, 1884214, 4, 1000.0, 211100.0
34232265.0, 508114, 4, 100.0, 211100.0
34232265.0, 505654, 4, 1000.0, 211100.0
34232265.0, 453181, 1, 500.0, 211100.0
34232265.0, 371618, 8, 33.0, 211100.0
34234309.0, 293939, 9, 50.0, 214600.0
34204212.0, 3887921, 1, 366.0, 199600.0
31365998.0, 1768813, 3, 500.0, 199600.0
28803539.0, 880180, 0, 200.0, 289500.0
28802705.0, 862729, 9, 300.0, 231300.0
34221349.0, 3318729, 9, 5000.0, 204800.0
34221349.0, 2948994, 4, 300.0, 204800.0
34221349.0, 2047801, 1, 1000.0, 204800.0
34080961.0, 3909424, 4, 100.0, 204800.0
28801804.0, 844285, 5, 500.0, 266600.0
28800535.0, 815543, 3, 200.0, 266600.0
28802556.0, 859645, 5, 308.0, 292900.0
28804352.0, 897891, 1, 500.0, 259500.0
28802746.0, 863574, 4, 120.0, 259500.0
28800291.0, 810066, 6, 100.0, 244500.0
34201194.0, 4344936, 6, 125.0, 269900.0
34218762.0, 2310734, 4, 500.0, 203000.0
34218762.0, 1031540, 0, 257.0, 203000.0
34218762.0, 566277, 7, 200.0, 203000.0
34218762.0, 335428, 8, 20.0, 203000.0
28800701.0, 819324, 4, 110.0, 233000.0
28804976.0, 912822, 2, 1000.0, 218000.0
28801659.0, 841280, 0, 200.0, 218000.0
34082406.0, 3918462, 2, 700.0, 203000.0
28801611.0, 840257, 7, 100.0, 248000.0
34225096.0, 1884048, 8, 500.0, 206500.0
34225096.0, 1846673, 3, 200.0, 206500.0
34225096.0, 1044335, 5, 400.0, 206500.0
34225096.0, 514211, 1, 100.0, 206500.0
34225096.0, 500642, 2, 50.0, 206500.0
29754225.0, 1264703, 3, 100.0, 206500.0
34219732.0, 4962848, 8, 1709.0, 330000.0
28804537.0, 901846, 6, 250.0, 330000.0
28804124.0, 892713, 3, 900.0, 330000.0
28803752.0, 884903, 3, 34.0, 330000.0
28802438.0, 857222, 2, 25.0, 330000.0
28802267.0, 853733, 3, 352.0, 330000.0
28800668.0, 818505, 5, 300.0, 330000.0
28805019.0, 913930, 0, 200.0, 300000.0
28804885.0, 910453, 3, 30.0, 300000.0
28804874.0, 910166, 6, 20.0, 300000.0
28804838.0, 909208, 8, 239.0, 300000.0
28804759.0, 907197, 7, 200.0, 300000.0
28804455.0, 900104, 4, 168.0, 300000.0
28804422.0, 899424, 4, 55.0, 300000.0
28803780.0, 885479, 9, 11.0, 300000.0
28803750.0, 884861, 1, 10.0, 300000.0
28803613.0, 881841, 1, 1000.0, 300000.0
28803564.0, 880698, 8, 100.0, 300000.0
28803271.0, 874360, 0, 575.0, 300000.0
28803138.0, 871610, 0, 20.0, 300000.0
28803118.0, 871196, 6, 700.0, 300000.0
28803092.0, 870679, 9, 150.0, 300000.0
28803054.0, 869899, 9, 30.0, 300000.0
28802781.0, 864287, 7, 100.0, 300000.0
28802672.0, 862057, 7, 200.0, 300000.0
28802570.0, 859924, 4, 400.0, 300000.0
28802544.0, 859388, 8, 100.0, 300000.0
28802537.0, 859243, 3, 50.0, 300000.0
28802498.0, 858461, 1, 300.0, 300000.0
28802489.0, 858262, 2, 500.0, 300000.0
28802486.0, 858199, 9, 25.0, 300000.0
28802421.0, 856892, 2, 100.0, 300000.0
28802374.0, 855920, 0, 2000.0, 300000.0
28802285.0, 854117, 7, 120.0, 300000.0
28802217.0, 852711, 1, 170.0, 300000.0
28801929.0, 846836, 6, 50.0, 300000.0
28801902.0, 846286, 6, 36.0, 300000.0
28801829.0, 844799, 9, 200.0, 300000.0
28801640.0, 840906, 6, 150.0, 300000.0
28801550.0, 839014, 4, 3000.0, 300000.0
28801343.0, 834542, 2, 30.0, 300000.0
28801060.0, 828041, 1, 390.0, 300000.0
28800894.0, 823894, 4, 500.0, 300000.0
28800860.0, 823083, 3, 100.0, 300000.0
28800772.0, 820979, 9, 378.0, 300000.0
28800669.0, 818539, 9, 738.0, 300000.0
28800523.0, 815280, 0, 402.0, 300000.0
28800512.0, 815056, 6, 51.0, 300000.0
28800248.0, 809037, 7, 25.0, 300000.0
28800221.0, 808389, 9, 200.0, 300000.0
34204280.0, 4482715, 5, 20.0, 270000.0
34204012.0, 4472460, 0, 25.0, 270000.0
28804979.0, 912903, 3, 100.0, 270000.0
28804805.0, 908346, 6, 100.0, 270000.0
28804627.0, 903898, 8, 15.0, 270000.0
28804499.0, 900999, 9, 200.0, 270000.0
28803933.0, 888704, 4, 200.0, 270000.0
28803802.0, 885934, 4, 185.0, 270000.0
28803432.0, 877898, 8, 1000.0, 270000.0
28803206.0, 873004, 4, 300.0, 270000.0
28802908.0, 866925, 5, 104.0, 270000.0
28802751.0, 863662, 2, 400.0, 270000.0
28802706.0, 862764, 4, 200.0, 270000.0
28802583.0, 860204, 4, 200.0, 270000.0
28801808.0, 844382, 2, 50.0, 270000.0
28801697.0, 842097, 7, 100.0, 270000.0
28801594.0, 839912, 2, 1100.0, 270000.0
28801171.0, 830713, 3, 300.0, 270000.0
28800746.0, 820385, 5, 50.0, 270000.0
28800442.0, 813554, 4, 45.0, 270000.0
28800348.0, 811401, 1, 100.0, 270000.0
28800249.0, 809059, 9, 200.0, 270000.0
28800120.0, 806015, 5, 70.0, 270000.0
28802499.0, 858484, 4, 31.0, 413100.0
32558140.0, 2309667, 7, 100.0, 204700.0
34227631.0, 1701218, 8, 1000.0, 208200.0
28802255.0, 853479, 9, 50.0, 280400.0
28804601.0, 903309, 9, 336.0, 306700.0
28804928.0, 911590, 0, 100.0, 363500.0
34230144.0, 1884123, 3, 100.0, 209900.0
34230144.0, 1736332, 2, 100.0, 209900.0
34230144.0, 623198, 8, 500.0, 209900.0
34230144.0, 536065, 5, 100.0, 209900.0
34230144.0, 510914, 4, 1675.0, 209900.0
34230144.0, 509752, 2, 100.0, 209900.0
34230144.0, 507467, 7, 500.0, 209900.0
34230144.0, 431032, 2, 1000.0, 209900.0
34230144.0, 371849, 9, 2000.0, 209900.0
34230144.0, 358596, 6, 100.0, 209900.0
34229430.0, 327133, 3, 250.0, 209900.0
28800495.0, 814704, 4, 29.0, 280500.0
28802283.0, 854066, 6, 100.0, 224900.0
33921022.0, 3265448, 8, 100.0, 209900.0
34208006.0, 4605437, 7, 100.0, 198400.0
28800545.0, 815770, 0, 400.0, 510000.0
34232678.0, 504037, 7, 100.0, 211600.0
34232678.0, 361793, 3, 1000.0, 211600.0
28805023.0, 914030, 0, 160.0, 255000.0
28804759.0, 907188, 8, 300.0, 255000.0
28802764.0, 863947, 7, 300.0, 255000.0
28802387.0, 856178, 8, 200.0, 255000.0
28801455.0, 836985, 5, 90.0, 255000.0
28801287.0, 833286, 6, 50.0, 255000.0
28801062.0, 828078, 8, 400.0, 255000.0
28801050.0, 827800, 0, 200.0, 255000.0
28800257.0, 809246, 6, 88.0, 255000.0
28800150.0, 806716, 6, 350.0, 255000.0
34233734.0, 1884248, 8, 1000.0, 213500.0
34233734.0, 530212, 2, 500.0, 213500.0
34233734.0, 526141, 1, 137.0, 213500.0
34233734.0, 508473, 3, 100.0, 213500.0
34233734.0, 380765, 5, 500.0, 213500.0
34233734.0, 323749, 9, 150.0, 213500.0
34233734.0, 314198, 8, 80.0, 213500.0
28804813.0, 908545, 5, 30.0, 213500.0
28801919.0, 846634, 4, 3000.0, 264300.0
28805175.0, 917900, 0, 300.0, 230200.0
34200664.0, 4318619, 9, 320.0, 260000.0
33930740.0, 3331254, 4, 100.0, 260000.0
28804874.0, 910161, 1, 400.0, 260000.0
28804845.0, 909381, 1, 100.0, 260000.0
28804549.0, 902111, 1, 1000.0, 260000.0
28804185.0, 894093, 3, 100.0, 260000.0
28803874.0, 887425, 5, 200.0, 260000.0
28803832.0, 886556, 6, 866.0, 260000.0
28803536.0, 880129, 9, 500.0, 260000.0
28802675.0, 862128, 8, 100.0, 260000.0
28802645.0, 861469, 9, 41.0, 260000.0
28802486.0, 858207, 7, 200.0, 260000.0
28801979.0, 847860, 0, 500.0, 260000.0
28801953.0, 847344, 4, 42.0, 260000.0
28801764.0, 843473, 3, 20.0, 260000.0
28801699.0, 842127, 7, 1500.0, 260000.0
28801181.0, 830960, 0, 200.0, 260000.0
28800884.0, 823669, 9, 200.0, 260000.0
28800728.0, 819978, 8, 100.0, 260000.0
28800625.0, 817536, 6, 100.0, 260000.0
28800346.0, 811365, 5, 130.0, 260000.0
28800183.0, 807499, 9, 1000.0, 260000.0
28804831.0, 909004, 4, 200.0, 245000.0
28803663.0, 882910, 0, 500.0, 245000.0
28803007.0, 868955, 5, 100.0, 245000.0
28802727.0, 863186, 6, 50.0, 245000.0
28802709.0, 862810, 0, 1000.0, 245000.0
28802114.0, 850627, 7, 500.0, 245000.0
28802013.0, 848554, 4, 50.0, 245000.0
28801879.0, 845830, 0, 2000.0, 245000.0
28801864.0, 845517, 7, 200.0, 245000.0
28801689.0, 841931, 1, 400.0, 245000.0
28801552.0, 839061, 1, 300.0, 245000.0
28800958.0, 825501, 1, 100.0, 245000.0
28800792.0, 821442, 2, 100.0, 245000.0
28800437.0, 813444, 4, 612.0, 245000.0
28800278.0, 809749, 9, 100.0, 245000.0
34218762.0, 1027102, 2, 100.0, 203500.0
28800658.0, 818265, 5, 7.0, 218500.0
28800315.0, 810637, 7, 500.0, 218500.0
34223424.0, 2858783, 3, 1250.0, 205400.0
34221349.0, 514401, 1, 500.0, 205400.0
28802065.0, 849621, 1, 500.0, 205400.0
28802850.0, 865751, 1, 120.0, 301000.0
28801428.0, 836403, 3, 148.0, 261700.0
28804141.0, 893094, 4, 65.0, 235200.0
28803521.0, 879796, 6, 500.0, 331100.0
28803987.0, 889947, 7, 100.0, 304500.0